Channel              :,CH1,CH2
Frequency            :,  ?,  ?
Period               :,  ?,  ?
PK-PK                :,936.0mV,117.6mV
Probe attenuation    :,1X,1X
Voltage per ADC value:,0.500000mV,0.050000mV
Time interval        :,1000.00000uS,1000.00000uS

index,CH1_Voltage(mV),CH2_Voltage(mV)
1,312.000000,26.400000
2,312.000000,26.400000
3,304.000000,25.600000
4,280.000000,23.200001
5,272.000000,23.200001
6,264.000000,24.799999
7,320.000000,24.799999
8,328.000000,24.000000
9,336.000000,21.600000
10,328.000000,24.799999
11,320.000000,25.600000
12,304.000000,24.000000
13,312.000000,26.400000
14,304.000000,24.000000
15,288.000000,23.200001
16,264.000000,25.600000
17,320.000000,25.600000
18,344.000000,25.600000
19,344.000000,24.000000
20,344.000000,24.799999
21,344.000000,23.200001
22,344.000000,17.600000
23,344.000000,23.200001
24,304.000000,22.400000
25,288.000000,22.400000
26,288.000000,24.000000
27,336.000000,22.400000
28,360.000000,21.600000
29,392.000000,23.200001
30,384.000000,22.400000
31,360.000000,22.400000
32,336.000000,22.400000
33,344.000000,22.400000
34,312.000000,21.600000
35,312.000000,18.400000
36,312.000000,22.400000
37,320.000000,20.799999
38,360.000000,21.600000
39,352.000000,21.600000
40,368.000000,20.799999
41,376.000000,20.799999
42,360.000000,22.400000
43,344.000000,20.000000
44,320.000000,19.200001
45,320.000000,21.600000
46,336.000000,20.000000
47,360.000000,20.799999
48,408.000000,20.799999
49,384.000000,20.799999
50,384.000000,20.799999
51,368.000000,20.000000
52,360.000000,20.000000
53,328.000000,18.400000
54,328.000000,19.200001
55,328.000000,17.600000
56,312.000000,19.200001
57,344.000000,19.200001
58,384.000000,20.000000
59,376.000000,18.400000
60,384.000000,16.799999
61,352.000000,19.200001
62,360.000000,19.200001
63,352.000000,18.400000
64,336.000000,17.600000
65,320.000000,18.400000
66,320.000000,19.200001
67,360.000000,17.600000
68,368.000000,17.600000
69,392.000000,17.600000
70,400.000000,16.799999
71,384.000000,19.200001
72,360.000000,17.600000
73,344.000000,16.000000
74,336.000000,20.000000
75,336.000000,18.400000
76,352.000000,15.200000
77,344.000000,15.200000
78,368.000000,17.600000
79,392.000000,12.800000
80,368.000000,15.200000
81,376.000000,16.000000
82,368.000000,16.000000
83,376.000000,14.400000
84,344.000000,16.799999
85,336.000000,15.200000
86,344.000000,14.400000
87,384.000000,12.000000
88,400.000000,15.200000
89,408.000000,14.400000
90,400.000000,14.400000
91,384.000000,14.400000
92,360.000000,12.000000
93,344.000000,13.600000
94,344.000000,15.200000
95,344.000000,12.800000
96,336.000000,13.600000
97,344.000000,12.800000
98,376.000000,12.800000
99,376.000000,12.000000
100,360.000000,15.200000
101,376.000000,12.000000
102,392.000000,12.000000
103,352.000000,12.000000
104,336.000000,12.000000
105,352.000000,7.200000
106,344.000000,12.000000
107,384.000000,12.800000
108,392.000000,12.000000
109,408.000000,10.400000
110,400.000000,11.200000
111,376.000000,12.000000
112,360.000000,9.600000
113,352.000000,7.200000
114,328.000000,11.200000
115,344.000000,9.600000
116,344.000000,10.400000
117,360.000000,10.400000
118,376.000000,10.400000
119,392.000000,9.600000
120,408.000000,11.200000
121,392.000000,9.600000
122,376.000000,9.600000
123,384.000000,8.800000
124,360.000000,8.800000
125,336.000000,8.800000
126,328.000000,3.200000
127,352.000000,8.800000
128,408.000000,7.200000
129,424.000000,7.200000
130,400.000000,9.600000
131,376.000000,5.600000
132,368.000000,8.800000
133,352.000000,9.600000
134,336.000000,8.000000
135,320.000000,5.600000
136,320.000000,8.800000
137,352.000000,7.200000
138,368.000000,5.600000
139,400.000000,1.600000
140,392.000000,7.200000
141,376.000000,4.000000
142,360.000000,6.400000
143,352.000000,6.400000
144,328.000000,4.800000
145,320.000000,5.600000
146,320.000000,5.600000
147,352.000000,4.800000
148,376.000000,4.800000
149,408.000000,4.800000
150,368.000000,4.000000
151,360.000000,4.000000
152,360.000000,-1.600000
153,336.000000,5.600000
154,336.000000,4.000000
155,328.000000,3.200000
156,312.000000,3.200000
157,328.000000,0.800000
158,336.000000,2.400000
159,344.000000,3.200000
160,360.000000,3.200000
161,336.000000,1.600000
162,352.000000,3.200000
163,344.000000,2.400000
164,336.000000,2.400000
165,320.000000,3.200000
166,344.000000,2.400000
167,336.000000,0.000000
168,360.000000,1.600000
169,368.000000,2.400000
170,352.000000,-1.600000
171,336.000000,0.000000
172,320.000000,2.400000
173,304.000000,1.600000
174,312.000000,1.600000
175,336.000000,0.800000
176,328.000000,0.000000
177,312.000000,-0.800000
178,336.000000,-0.800000
179,360.000000,-0.800000
180,336.000000,-1.600000
181,368.000000,-1.600000
182,352.000000,-0.800000
183,336.000000,-4.800000
184,304.000000,-0.800000
185,280.000000,-2.400000
186,296.000000,-2.400000
187,328.000000,-1.600000
188,376.000000,-2.400000
189,360.000000,-1.600000
190,360.000000,-1.600000
191,320.000000,-5.600000
192,320.000000,-0.800000
193,304.000000,-1.600000
194,272.000000,-2.400000
195,272.000000,-3.200000
196,256.000000,-4.000000
197,296.000000,-2.400000
198,320.000000,-2.400000
199,296.000000,-4.800000
200,304.000000,-4.800000
201,320.000000,-2.400000
202,320.000000,-4.800000
203,304.000000,-4.000000
204,280.000000,-5.600000
205,280.000000,-3.200000
206,272.000000,-4.800000
207,304.000000,-4.800000
208,336.000000,-5.600000
209,344.000000,-7.200000
210,328.000000,-6.400000
211,312.000000,-5.600000
212,272.000000,-5.600000
213,264.000000,-8.000000
214,256.000000,-6.400000
215,248.000000,-5.600000
216,272.000000,-6.400000
217,256.000000,-11.200000
218,304.000000,-7.200000
219,312.000000,-8.000000
220,296.000000,-8.000000
221,304.000000,-7.200000
222,280.000000,-10.400000
223,264.000000,-8.800000
224,248.000000,-7.200000
225,224.000000,-9.600000
226,256.000000,-8.000000
227,272.000000,-8.000000
228,296.000000,-8.800000
229,304.000000,-8.800000
230,296.000000,-16.000000
231,272.000000,-8.800000
232,248.000000,-12.000000
233,240.000000,-10.400000
234,224.000000,-9.600000
235,232.000000,-10.400000
236,216.000000,-9.600000
237,224.000000,-9.600000
238,240.000000,-10.400000
239,256.000000,-12.000000
240,272.000000,-8.000000
241,264.000000,-12.000000
242,256.000000,-12.000000
243,232.000000,-12.000000
244,192.000000,-12.800000
245,216.000000,-12.800000
246,224.000000,-12.800000
247,272.000000,-9.600000
248,264.000000,-12.000000
249,280.000000,-12.000000
250,256.000000,-12.800000
251,240.000000,-13.600000
252,224.000000,-13.600000
253,216.000000,-12.000000
254,200.000000,-12.800000
255,184.000000,-13.600000
256,192.000000,-16.799999
257,200.000000,-12.800000
258,208.000000,-14.400000
259,232.000000,-14.400000
260,216.000000,-14.400000
261,216.000000,-16.799999
262,200.000000,-14.400000
263,192.000000,-13.600000
264,184.000000,-15.200000
265,184.000000,-16.000000
266,152.000000,-12.800000
267,192.000000,-14.400000
268,232.000000,-16.000000
269,232.000000,-14.400000
270,208.000000,-16.000000
271,184.000000,-15.200000
272,176.000000,-16.799999
273,160.000000,-16.799999
274,160.000000,-17.600000
275,144.000000,-16.799999
276,144.000000,-16.799999
277,144.000000,-16.799999
278,168.000000,-16.799999
279,168.000000,-18.400000
280,200.000000,-16.799999
281,192.000000,-16.799999
282,168.000000,-20.799999
283,160.000000,-18.400000
284,128.000000,-18.400000
285,128.000000,-18.400000
286,136.000000,-17.600000
287,160.000000,-20.000000
288,168.000000,-18.400000
289,192.000000,-20.000000
290,184.000000,-17.600000
291,160.000000,-17.600000
292,136.000000,-18.400000
293,120.000000,-18.400000
294,104.000000,-21.600000
295,88.000000,-21.600000
296,88.000000,-20.000000
297,96.000000,-20.799999
298,128.000000,-20.799999
299,112.000000,-18.400000
300,120.000000,-20.799999
301,128.000000,-20.000000
302,136.000000,-19.200001
303,112.000000,-20.799999
304,80.000000,-20.799999
305,72.000000,-21.600000
306,96.000000,-20.799999
307,112.000000,-20.799999
308,144.000000,-24.799999
309,160.000000,-21.600000
310,128.000000,-22.400000
311,136.000000,-20.799999
312,112.000000,-20.799999
313,80.000000,-24.799999
314,56.000000,-21.600000
315,48.000000,-22.400000
316,56.000000,-27.200001
317,56.000000,-24.000000
318,80.000000,-21.600000
319,64.000000,-22.400000
320,88.000000,-22.400000
321,80.000000,-28.799999
322,96.000000,-22.400000
323,72.000000,-24.000000
324,40.000000,-24.000000
325,16.000000,-22.400000
326,40.000000,-26.400000
327,64.000000,-24.000000
328,88.000000,-23.200001
329,104.000000,3.200000
330,88.000000,-24.799999
331,72.000000,-22.400000
332,40.000000,-24.799999
333,32.000000,-24.799999
334,16.000000,-19.200001
335,0.000000,-24.000000
336,0.000000,-26.400000
337,16.000000,-24.000000
338,16.000000,-25.600000
339,32.000000,-23.200001
340,40.000000,-24.799999
341,32.000000,-26.400000
342,8.000000,-4.800000
343,8.000000,-26.400000
344,-16.000000,-25.600000
345,-40.000000,-25.600000
346,-40.000000,-27.200001
347,0.000000,-20.000000
348,48.000000,-26.400000
349,24.000000,-27.200001
350,16.000000,-27.200001
351,0.000000,-26.400000
352,-8.000000,-24.799999
353,-40.000000,-26.400000
354,-48.000000,-27.200001
355,-64.000000,-5.600000
356,-64.000000,-28.799999
357,-48.000000,-26.400000
358,-40.000000,-25.600000
359,0.000000,-26.400000
360,0.000000,-30.400000
361,-24.000000,-25.600000
362,0.000000,-28.000000
363,-32.000000,-28.000000
364,-64.000000,-26.400000
365,-72.000000,-27.200001
366,-72.000000,-28.799999
367,-32.000000,-28.000000
368,8.000000,-37.599998
369,0.000000,-27.200001
370,8.000000,-28.000000
371,-32.000000,-28.000000
372,-64.000000,-29.600000
373,-72.000000,-33.599998
374,-88.000000,-28.799999
375,-96.000000,-30.400000
376,-112.000000,-28.799999
377,-112.000000,-28.799999
378,-64.000000,-28.799999
379,-64.000000,-29.600000
380,-72.000000,-28.799999
381,-96.000000,-50.400002
382,-88.000000,-28.799999
383,-88.000000,-28.799999
384,-120.000000,-29.600000
385,-144.000000,-29.600000
386,-128.000000,-30.400000
387,-96.000000,-28.799999
388,-88.000000,-30.400000
389,-72.000000,-28.000000
390,-104.000000,-28.799999
391,-104.000000,-30.400000
392,-112.000000,-29.600000
393,-144.000000,-30.400000
394,-152.000000,-49.599998
395,-168.000000,-29.600000
396,-144.000000,-30.400000
397,-152.000000,-28.799999
398,-128.000000,-32.000000
399,-128.000000,-31.200001
400,-136.000000,-30.400000
401,-136.000000,-30.400000
402,-128.000000,-30.400000
403,-152.000000,-31.200001
404,-168.000000,-32.000000
405,-152.000000,-28.799999
406,-168.000000,-31.200001
407,-176.000000,-40.799999
408,-128.000000,-30.400000
409,-120.000000,-29.600000
410,-136.000000,-29.600000
411,-136.000000,-32.000000
412,-160.000000,-35.200001
413,-192.000000,-30.400000
414,-200.000000,-30.400000
415,-192.000000,-31.200001
416,-216.000000,-31.200001
417,-192.000000,-30.400000
418,-184.000000,-30.400000
419,-168.000000,-30.400000
420,-168.000000,-48.000000
421,-176.000000,-30.400000
422,-184.000000,-32.000000
423,-184.000000,-29.600000
424,-224.000000,-32.000000
425,-224.000000,-32.799999
426,-232.000000,-29.600000
427,-200.000000,-32.000000
428,-168.000000,-32.000000
429,-184.000000,-30.400000
430,-168.000000,-32.799999
431,-216.000000,-32.000000
432,-232.000000,-30.400000
433,-216.000000,-40.799999
434,-240.000000,-32.799999
435,-272.000000,-32.799999
436,-248.000000,-32.000000
437,-240.000000,-31.200001
438,-240.000000,-31.200001
439,-224.000000,-31.200001
440,-240.000000,-32.000000
441,-216.000000,-31.200001
442,-256.000000,-32.000000
443,-232.000000,-31.200001
444,-240.000000,-32.000000
445,-272.000000,-31.200001
446,-272.000000,-16.799999
447,-272.000000,-32.000000
448,-224.000000,-30.400000
449,-200.000000,-31.200001
450,-208.000000,-33.599998
451,-224.000000,-32.799999
452,-248.000000,-32.000000
453,-264.000000,-31.200001
454,-304.000000,-30.400000
455,-304.000000,-30.400000
456,-304.000000,-31.200001
457,-288.000000,-32.000000
458,-288.000000,-31.200001
459,-256.000000,-36.799999
460,-256.000000,-32.000000
461,-272.000000,-31.200001
462,-264.000000,-29.600000
463,-264.000000,-31.200001
464,-312.000000,-28.799999
465,-320.000000,-29.600000
466,-304.000000,-31.200001
467,-288.000000,-30.400000
468,-272.000000,-30.400000
469,-272.000000,-30.400000
470,-256.000000,-32.000000
471,-280.000000,-32.000000
472,-296.000000,-36.000000
473,-304.000000,-31.200001
474,-344.000000,-29.600000
475,-336.000000,-29.600000
476,-336.000000,-32.000000
477,-320.000000,-28.000000
478,-320.000000,-31.200001
479,-320.000000,-30.400000
480,-312.000000,-29.600000
481,-312.000000,-31.200001
482,-312.000000,-29.600000
483,-328.000000,-29.600000
484,-352.000000,-29.600000
485,-368.000000,-28.799999
486,-376.000000,-29.600000
487,-344.000000,-29.600000
488,-304.000000,-29.600000
489,-304.000000,-29.600000
490,-320.000000,-26.400000
491,-328.000000,-29.600000
492,-336.000000,-28.799999
493,-352.000000,-29.600000
494,-360.000000,-28.799999
495,-368.000000,-30.400000
496,-376.000000,-30.400000
497,-376.000000,-28.799999
498,-344.000000,-33.599998
499,-344.000000,-29.600000
500,-336.000000,-28.799999
501,-352.000000,-28.000000
502,-328.000000,-29.600000
503,-368.000000,-28.000000
504,-392.000000,-28.000000
505,-392.000000,-28.799999
506,-400.000000,-29.600000
507,-392.000000,-28.000000
508,-344.000000,-28.000000
509,-336.000000,-28.000000
510,-320.000000,-28.799999
511,-368.000000,-27.200001
512,-376.000000,-27.200001
513,-392.000000,-28.000000
514,-400.000000,-28.000000
515,-392.000000,-28.799999
516,-376.000000,-24.799999
517,-392.000000,-28.000000
518,-400.000000,-27.200001
519,-368.000000,-28.000000
520,-360.000000,-28.000000
521,-368.000000,-26.400000
522,-376.000000,-26.400000
523,-400.000000,-26.400000
524,-432.000000,-24.000000
525,-424.000000,-25.600000
526,-424.000000,-27.200001
527,-392.000000,-27.200001
528,-400.000000,-25.600000
529,-368.000000,-30.400000
530,-376.000000,-27.200001
531,-376.000000,-26.400000
532,-408.000000,-27.200001
533,-424.000000,-26.400000
534,-432.000000,-24.799999
535,-440.000000,-25.600000
536,-440.000000,-25.600000
537,-440.000000,-23.200001
538,-424.000000,-26.400000
539,-392.000000,-25.600000
540,-392.000000,-25.600000
541,-392.000000,-24.799999
542,-416.000000,-25.600000
543,-400.000000,-24.000000
544,-416.000000,-24.799999
545,-432.000000,-24.000000
546,-432.000000,-23.200001
547,-416.000000,-23.200001
548,-384.000000,-22.400000
549,-368.000000,-24.799999
550,-392.000000,-21.600000
551,-392.000000,-23.200001
552,-432.000000,-23.200001
553,-424.000000,-24.000000
554,-432.000000,-24.799999
555,-464.000000,-25.600000
556,-456.000000,-22.400000
557,-472.000000,-23.200001
558,-424.000000,-22.400000
559,-424.000000,-21.600000
560,-424.000000,-20.000000
561,-424.000000,-23.200001
562,-416.000000,-22.400000
563,-424.000000,-20.000000
564,-440.000000,-23.200001
565,-448.000000,-21.600000
566,-456.000000,-20.000000
567,-440.000000,-21.600000
568,-408.000000,-23.200001
569,-392.000000,-20.799999
570,-424.000000,-20.799999
571,-432.000000,-20.000000
572,-448.000000,-20.000000
573,-440.000000,-19.200001
574,-472.000000,-19.200001
575,-456.000000,-19.200001
576,-472.000000,-17.600000
577,-440.000000,-18.400000
578,-448.000000,-20.000000
579,-448.000000,-18.400000
580,-440.000000,-20.000000
581,-432.000000,-17.600000
582,-440.000000,-18.400000
583,-432.000000,-19.200001
584,-456.000000,-19.200001
585,-480.000000,-18.400000
586,-480.000000,-18.400000
587,-448.000000,-19.200001
588,-448.000000,-17.600000
589,-424.000000,-24.000000
590,-400.000000,-17.600000
591,-432.000000,-18.400000
592,-440.000000,-16.000000
593,-448.000000,-16.799999
594,-480.000000,-15.200000
595,-496.000000,-16.799999
596,-488.000000,-16.799999
597,-464.000000,-16.000000
598,-456.000000,-16.799999
599,-432.000000,-15.200000
600,-416.000000,-15.200000
601,-440.000000,-16.799999
602,-440.000000,-4.800000
603,-448.000000,-16.000000
604,-480.000000,-16.000000
605,-480.000000,-15.200000
606,-488.000000,-14.400000
607,-456.000000,-14.400000
608,-440.000000,-13.600000
609,-432.000000,-14.400000
610,-416.000000,-14.400000
611,-432.000000,-14.400000
612,-456.000000,-15.200000
613,-472.000000,-16.000000
614,-480.000000,-12.000000
615,-472.000000,-4.800000
616,-480.000000,-13.600000
617,-488.000000,-12.800000
618,-472.000000,-13.600000
619,-424.000000,-12.000000
620,-440.000000,-12.800000
621,-424.000000,-11.200000
622,-456.000000,-12.800000
623,-440.000000,-10.400000
624,-464.000000,-9.600000
625,-456.000000,-10.400000
626,-456.000000,-11.200000
627,-432.000000,-9.600000
628,-424.000000,-25.600000
629,-376.000000,-8.800000
630,-424.000000,-9.600000
631,-416.000000,-8.800000
632,-424.000000,-9.600000
633,-424.000000,-11.200000
634,-464.000000,-9.600000
635,-456.000000,-8.000000
636,-464.000000,-8.800000
637,-456.000000,-8.000000
638,-448.000000,-9.600000
639,-416.000000,-8.000000
640,-424.000000,-7.200000
641,-424.000000,-26.400000
642,-408.000000,-7.200000
643,-448.000000,-6.400000
644,-464.000000,-5.600000
645,-472.000000,-7.200000
646,-456.000000,-8.000000
647,-432.000000,-5.600000
648,-400.000000,-5.600000
649,-424.000000,-5.600000
650,-392.000000,-4.000000
651,-408.000000,-4.000000
652,-440.000000,-3.200000
653,-448.000000,-3.200000
654,-480.000000,-30.400000
655,-480.000000,-4.800000
656,-440.000000,-3.200000
657,-440.000000,-4.000000
658,-424.000000,-4.000000
659,-400.000000,-6.400000
660,-408.000000,-5.600000
661,-416.000000,-3.200000
662,-400.000000,-2.400000
663,-440.000000,-2.400000
664,-448.000000,-0.800000
665,-448.000000,-2.400000
666,-424.000000,-1.600000
667,-416.000000,4.800000
668,-368.000000,-2.400000
669,-376.000000,-1.600000
670,-368.000000,-1.600000
671,-392.000000,-1.600000
672,-408.000000,8.000000
673,-424.000000,0.800000
674,-424.000000,-0.800000
675,-432.000000,-1.600000
676,-432.000000,1.600000
677,-424.000000,0.800000
678,-424.000000,1.600000
679,-392.000000,1.600000
680,-376.000000,-9.600000
681,-368.000000,-0.800000
682,-392.000000,1.600000
683,-392.000000,2.400000
684,-408.000000,0.800000
685,-432.000000,-0.800000
686,-424.000000,2.400000
687,-384.000000,2.400000
688,-384.000000,1.600000
689,-344.000000,4.800000
690,-352.000000,4.000000
691,-352.000000,3.200000
692,-368.000000,4.000000
693,-384.000000,1.600000
694,-408.000000,3.200000
695,-416.000000,4.800000
696,-392.000000,5.600000
697,-392.000000,4.800000
698,-384.000000,0.800000
699,-360.000000,4.800000
700,-360.000000,5.600000
701,-352.000000,4.800000
702,-360.000000,6.400000
703,-352.000000,3.200000
704,-376.000000,5.600000
705,-384.000000,7.200000
706,-384.000000,4.800000
707,-360.000000,4.000000
708,-328.000000,7.200000
709,-312.000000,6.400000
710,-328.000000,8.000000
711,-328.000000,2.400000
712,-352.000000,9.600000
713,-360.000000,8.000000
714,-368.000000,7.200000
715,-360.000000,7.200000
716,-360.000000,8.800000
717,-360.000000,8.800000
718,-344.000000,9.600000
719,-360.000000,8.800000
720,-336.000000,9.600000
721,-336.000000,9.600000
722,-328.000000,9.600000
723,-336.000000,10.400000
724,-352.000000,9.600000
725,-360.000000,11.200000
726,-344.000000,11.200000
727,-320.000000,10.400000
728,-296.000000,10.400000
729,-272.000000,11.200000
730,-272.000000,12.000000
731,-288.000000,13.600000
732,-304.000000,12.000000
733,-336.000000,10.400000
734,-328.000000,14.400000
735,-336.000000,11.200000
736,-336.000000,12.000000
737,-320.000000,13.600000
738,-288.000000,13.600000
739,-272.000000,12.800000
740,-288.000000,12.800000
741,-264.000000,14.400000
742,-264.000000,17.600000
743,-280.000000,15.200000
744,-296.000000,14.400000
745,-296.000000,15.200000
746,-296.000000,15.200000
747,-288.000000,15.200000
748,-256.000000,15.200000
749,-248.000000,15.200000
750,-240.000000,17.600000
751,-240.000000,15.200000
752,-256.000000,13.600000
753,-272.000000,16.799999
754,-288.000000,16.000000
755,-288.000000,20.799999
756,-280.000000,16.799999
757,-272.000000,18.400000
758,-248.000000,16.000000
759,-232.000000,17.600000
760,-232.000000,16.799999
761,-224.000000,18.400000
762,-232.000000,16.799999
763,-232.000000,17.600000
764,-256.000000,17.600000
765,-280.000000,18.400000
766,-272.000000,16.799999
767,-224.000000,19.200001
768,-208.000000,20.000000
769,-200.000000,18.400000
770,-192.000000,19.200001
771,-208.000000,19.200001
772,-224.000000,18.400000
773,-224.000000,20.000000
774,-256.000000,19.200001
775,-264.000000,19.200001
776,-256.000000,20.799999
777,-248.000000,20.000000
778,-200.000000,20.000000
779,-176.000000,21.600000
780,-176.000000,20.000000
781,-192.000000,14.400000
782,-176.000000,20.000000
783,-184.000000,20.799999
784,-216.000000,20.799999
785,-224.000000,19.200001
786,-200.000000,22.400000
787,-168.000000,22.400000
788,-144.000000,22.400000
789,-136.000000,21.600000
790,-160.000000,21.600000
791,-176.000000,20.799999
792,-168.000000,22.400000
793,-192.000000,23.200001
794,-184.000000,25.600000
795,-208.000000,21.600000
796,-192.000000,24.799999
797,-184.000000,22.400000
798,-160.000000,22.400000
799,-152.000000,24.000000
800,-176.000000,24.000000
801,-152.000000,24.000000
802,-144.000000,24.000000
803,-144.000000,24.000000
804,-176.000000,24.799999
805,-192.000000,24.799999
806,-168.000000,24.000000
807,-144.000000,20.000000
808,-104.000000,24.799999
809,-88.000000,24.799999
810,-96.000000,24.799999
811,-112.000000,24.799999
812,-120.000000,25.600000
813,-144.000000,24.799999
814,-152.000000,25.600000
815,-136.000000,28.000000
816,-144.000000,25.600000
817,-144.000000,24.799999
818,-96.000000,24.799999
819,-80.000000,25.600000
820,-80.000000,30.400000
821,-64.000000,25.600000
822,-72.000000,27.200001
823,-80.000000,25.600000
824,-104.000000,28.000000
825,-96.000000,26.400000
826,-96.000000,27.200001
827,-104.000000,28.000000
828,-64.000000,28.799999
829,-32.000000,27.200001
830,-72.000000,26.400000
831,-64.000000,28.000000
832,-80.000000,28.799999
833,-88.000000,20.799999
834,-80.000000,28.000000
835,-88.000000,28.000000
836,-88.000000,27.200001
837,-88.000000,26.400000
838,-64.000000,28.000000
839,-64.000000,28.799999
840,-40.000000,27.200001
841,-64.000000,29.600000
842,-48.000000,28.799999
843,-56.000000,27.200001
844,-56.000000,28.799999
845,-64.000000,29.600000
846,-40.000000,22.400000
847,-40.000000,28.000000
848,-24.000000,28.799999
849,16.000000,29.600000
850,0.000000,27.200001
851,-16.000000,28.799999
852,-24.000000,29.600000
853,-32.000000,28.799999
854,-32.000000,30.400000
855,-32.000000,27.200001
856,-24.000000,28.799999
857,-40.000000,29.600000
858,8.000000,28.799999
859,8.000000,32.799999
860,32.000000,28.000000
861,40.000000,28.799999
862,8.000000,29.600000
863,8.000000,28.799999
864,-24.000000,29.600000
865,-8.000000,30.400000
866,0.000000,29.600000
867,40.000000,30.400000
868,32.000000,28.799999
869,64.000000,28.799999
870,64.000000,31.200001
871,40.000000,31.200001
872,24.000000,24.799999
873,24.000000,30.400000
874,8.000000,31.200001
875,24.000000,30.400000
876,24.000000,29.600000
877,48.000000,30.400000
878,48.000000,30.400000
879,64.000000,29.600000
880,56.000000,34.400002
881,64.000000,30.400000
882,64.000000,29.600000
883,40.000000,29.600000
884,32.000000,30.400000
885,32.000000,35.200001
886,40.000000,29.600000
887,64.000000,31.200001
888,112.000000,28.799999
889,128.000000,30.400000
890,120.000000,30.400000
891,96.000000,31.200001
892,80.000000,29.600000
893,72.000000,30.400000
894,64.000000,31.200001
895,40.000000,29.600000
896,40.000000,31.200001
897,80.000000,32.000000
898,80.000000,34.400002
899,120.000000,31.200001
900,120.000000,31.200001
901,112.000000,30.400000
902,136.000000,30.400000
903,104.000000,30.400000
904,80.000000,31.200001
905,104.000000,30.400000
906,112.000000,31.200001
907,120.000000,31.200001
908,152.000000,28.799999
909,176.000000,30.400000
910,168.000000,29.600000
911,136.000000,32.799999
912,160.000000,31.200001
913,120.000000,31.200001
914,104.000000,30.400000
915,120.000000,30.400000
916,128.000000,31.200001
917,128.000000,31.200001
918,168.000000,30.400000
919,160.000000,32.799999
920,192.000000,30.400000
921,160.000000,29.600000
922,152.000000,30.400000
923,160.000000,31.200001
924,128.000000,27.200001
925,144.000000,30.400000
926,152.000000,31.200001
927,168.000000,32.000000
928,200.000000,31.200001
929,216.000000,32.000000
930,200.000000,30.400000
931,200.000000,29.600000
932,168.000000,25.600000
933,152.000000,29.600000
934,144.000000,30.400000
935,160.000000,30.400000
936,152.000000,31.200001
937,184.000000,29.600000
938,200.000000,29.600000
939,224.000000,29.600000
940,232.000000,30.400000
941,232.000000,29.600000
942,224.000000,31.200001
943,200.000000,31.200001
944,192.000000,29.600000
945,168.000000,30.400000
946,184.000000,29.600000
947,216.000000,29.600000
948,232.000000,30.400000
949,264.000000,30.400000
950,240.000000,27.200001
951,232.000000,30.400000
952,216.000000,31.200001
953,192.000000,30.400000
954,184.000000,28.799999
955,192.000000,31.200001
956,208.000000,28.799999
957,216.000000,28.799999
958,232.000000,25.600000
959,240.000000,29.600000
960,248.000000,27.200001
961,248.000000,30.400000
962,240.000000,28.000000
963,264.000000,29.600000
964,232.000000,28.000000
965,224.000000,28.799999
966,232.000000,28.799999
967,240.000000,28.799999
968,296.000000,28.000000
969,280.000000,28.000000
970,280.000000,27.200001
971,272.000000,23.200001
972,256.000000,28.799999
973,248.000000,27.200001
974,240.000000,28.000000
975,256.000000,28.799999
976,232.000000,25.600000
977,248.000000,28.000000
978,272.000000,28.000000
979,264.000000,25.600000
980,272.000000,27.200001
981,288.000000,28.000000
982,264.000000,27.200001
983,272.000000,27.200001
984,248.000000,20.000000
985,256.000000,28.000000
986,256.000000,26.400000
987,272.000000,27.200001
988,336.000000,28.000000
989,352.000000,23.200001
990,328.000000,28.000000
991,304.000000,27.200001
992,272.000000,47.200001
993,288.000000,24.799999
994,272.000000,27.200001
995,280.000000,27.200001
996,256.000000,25.600000
997,288.000000,32.799999
998,312.000000,26.400000
999,312.000000,24.799999
1000,304.000000,27.200001
1001,328.000000,25.600000
1002,296.000000,24.799999
1003,288.000000,26.400000
1004,280.000000,24.799999
1005,280.000000,39.200001
1006,264.000000,24.799999
1007,312.000000,25.600000
1008,320.000000,24.000000
1009,344.000000,25.600000
1010,304.000000,19.200001
1011,312.000000,26.400000
1012,304.000000,23.200001
1013,280.000000,24.000000
1014,288.000000,24.000000
1015,288.000000,26.400000
1016,288.000000,24.000000
1017,304.000000,24.799999
1018,352.000000,18.400000
1019,328.000000,23.200001
1020,328.000000,24.000000
1021,328.000000,24.799999
1022,336.000000,22.400000
1023,328.000000,23.200001
1024,304.000000,22.400000
1025,288.000000,22.400000
1026,312.000000,23.200001
1027,336.000000,23.200001
1028,352.000000,22.400000
1029,368.000000,24.000000
1030,360.000000,23.200001
1031,344.000000,6.400000
1032,352.000000,24.000000
1033,304.000000,22.400000
1034,296.000000,22.400000
1035,304.000000,22.400000
1036,312.000000,22.400000
1037,320.000000,20.799999
1038,344.000000,21.600000
1039,344.000000,21.600000
1040,360.000000,20.799999
1041,352.000000,20.799999
1042,352.000000,20.799999
1043,344.000000,21.600000
1044,320.000000,27.200001
1045,312.000000,20.000000
1046,336.000000,20.000000
1047,344.000000,20.799999
1048,408.000000,20.000000
1049,384.000000,20.000000
1050,368.000000,20.799999
1051,360.000000,20.000000
1052,352.000000,19.200001
1053,344.000000,21.600000
1054,336.000000,20.000000
1055,336.000000,20.000000
1056,336.000000,19.200001
1057,328.000000,23.200001
1058,352.000000,18.400000
1059,384.000000,18.400000
1060,384.000000,18.400000
1061,368.000000,18.400000
1062,376.000000,21.600000
1063,376.000000,18.400000
1064,336.000000,16.799999
1065,336.000000,18.400000
1066,328.000000,18.400000
1067,352.000000,19.200001
1068,392.000000,16.799999
1069,400.000000,17.600000
1070,392.000000,19.200001
1071,360.000000,17.600000
1072,352.000000,17.600000
1073,352.000000,17.600000
1074,312.000000,17.600000
1075,320.000000,16.000000
1076,344.000000,16.799999
1077,352.000000,15.200000
1078,384.000000,17.600000
1079,384.000000,16.799999
1080,384.000000,17.600000
1081,360.000000,16.799999
1082,376.000000,15.200000
1083,360.000000,10.400000
1084,352.000000,15.200000
1085,344.000000,13.600000
1086,344.000000,16.000000
1087,368.000000,15.200000
1088,392.000000,12.800000
1089,408.000000,14.400000
1090,400.000000,13.600000
1091,376.000000,14.400000
1092,368.000000,14.400000
1093,344.000000,13.600000
1094,336.000000,16.000000
1095,328.000000,13.600000
1096,328.000000,16.799999
1097,352.000000,12.800000
1098,360.000000,12.800000
1099,368.000000,12.800000
1100,384.000000,14.400000
1101,384.000000,8.800000
1102,368.000000,11.200000
1103,376.000000,12.000000
1104,352.000000,11.200000
1105,336.000000,12.000000
1106,352.000000,11.200000
1107,368.000000,12.000000
1108,400.000000,13.600000
1109,424.000000,12.800000
1110,400.000000,12.000000
1111,368.000000,9.600000
1112,368.000000,10.400000
1113,360.000000,10.400000
1114,344.000000,16.000000
1115,328.000000,9.600000
1116,344.000000,12.000000
1117,328.000000,9.600000
1118,352.000000,10.400000
1119,376.000000,12.000000
1120,400.000000,9.600000
1121,392.000000,8.800000
1122,392.000000,6.400000
1123,384.000000,11.200000
1124,344.000000,8.000000
1125,328.000000,8.800000
1126,336.000000,9.600000
1127,360.000000,8.000000
1128,392.000000,8.800000
1129,400.000000,8.000000
1130,408.000000,8.800000
1131,384.000000,8.000000
1132,392.000000,7.200000
1133,344.000000,6.400000
1134,328.000000,5.600000
1135,328.000000,5.600000
1136,336.000000,8.000000
1137,360.000000,7.200000
1138,360.000000,7.200000
1139,384.000000,8.000000
1140,384.000000,11.200000
1141,376.000000,6.400000
1142,360.000000,6.400000
1143,360.000000,4.800000
1144,336.000000,4.800000
1145,328.000000,5.600000
1146,336.000000,5.600000
1147,368.000000,4.000000
1148,384.000000,2.400000
1149,392.000000,4.800000
1150,392.000000,4.000000
1151,360.000000,3.200000
1152,352.000000,4.000000
1153,344.000000,0.000000
1154,320.000000,4.000000
1155,312.000000,4.800000
1156,312.000000,2.400000
1157,328.000000,4.000000
1158,344.000000,3.200000
1159,368.000000,3.200000
1160,360.000000,2.400000
1161,344.000000,0.800000
1162,344.000000,4.000000
1163,336.000000,2.400000
1164,320.000000,0.800000
1165,296.000000,2.400000
1166,312.000000,0.800000
1167,336.000000,1.600000
1168,360.000000,1.600000
1169,360.000000,1.600000
1170,368.000000,0.800000
1171,352.000000,0.800000
1172,336.000000,0.000000
1173,304.000000,0.800000
1174,304.000000,-2.400000
1175,296.000000,0.800000
1176,296.000000,-0.800000
1177,304.000000,0.000000
1178,344.000000,0.000000
1179,352.000000,-2.400000
1180,344.000000,-1.600000
1181,360.000000,0.800000
1182,344.000000,-1.600000
1183,320.000000,-0.800000
1184,296.000000,0.000000
1185,296.000000,-0.800000
1186,320.000000,-2.400000
1187,320.000000,-7.200000
1188,344.000000,-1.600000
1189,368.000000,-2.400000
1190,344.000000,-2.400000
1191,328.000000,-0.800000
1192,296.000000,-3.200000
1193,288.000000,-2.400000
1194,280.000000,-2.400000
1195,272.000000,-4.000000
1196,280.000000,-3.200000
1197,288.000000,-2.400000
1198,304.000000,-3.200000
1199,344.000000,-5.600000
1200,312.000000,-9.600000
1201,312.000000,-3.200000
1202,304.000000,-4.800000
1203,288.000000,-2.400000
1204,264.000000,-5.600000
1205,256.000000,-6.400000
1206,272.000000,-4.800000
1207,304.000000,-4.800000
1208,312.000000,-6.400000
1209,336.000000,-6.400000
1210,320.000000,-6.400000
1211,296.000000,-4.800000
1212,272.000000,-7.200000
1213,272.000000,-10.400000
1214,248.000000,-6.400000
1215,248.000000,-7.200000
1216,248.000000,-5.600000
1217,264.000000,-6.400000
1218,272.000000,-7.200000
1219,288.000000,-7.200000
1220,328.000000,-5.600000
1221,304.000000,-7.200000
1222,280.000000,-7.200000
1223,272.000000,-7.200000
1224,240.000000,-8.800000
1225,232.000000,-8.000000
1226,248.000000,-13.600000
1227,288.000000,-9.600000
1228,280.000000,-8.800000
1229,304.000000,-8.800000
1230,296.000000,-8.000000
1231,264.000000,-10.400000
1232,256.000000,-9.600000
1233,240.000000,-9.600000
1234,216.000000,-9.600000
1235,200.000000,-12.000000
1236,216.000000,-10.400000
1237,248.000000,-9.600000
1238,240.000000,-10.400000
1239,264.000000,-16.000000
1240,264.000000,-12.000000
1241,248.000000,-10.400000
1242,248.000000,-12.800000
1243,224.000000,-10.400000
1244,216.000000,-16.000000
1245,192.000000,-12.000000
1246,208.000000,-11.200000
1247,208.000000,-13.600000
1248,264.000000,-12.800000
1249,240.000000,-12.000000
1250,280.000000,-12.000000
1251,240.000000,-12.000000
1252,216.000000,-12.800000
1253,200.000000,-12.800000
1254,184.000000,-14.400000
1255,184.000000,-14.400000
1256,184.000000,-13.600000
1257,192.000000,-13.600000
1258,208.000000,-13.600000
1259,232.000000,-13.600000
1260,224.000000,-13.600000
1261,224.000000,-16.799999
1262,200.000000,-12.000000
1263,200.000000,-16.799999
1264,176.000000,-16.000000
1265,184.000000,-14.400000
1266,168.000000,-13.600000
1267,184.000000,-15.200000
1268,224.000000,-15.200000
1269,232.000000,-14.400000
1270,232.000000,-12.000000
1271,200.000000,-16.799999
1272,192.000000,-15.200000
1273,192.000000,-16.799999
1274,152.000000,-15.200000
1275,152.000000,-15.200000
1276,152.000000,-16.799999
1277,136.000000,-16.799999
1278,176.000000,-13.600000
1279,200.000000,-16.799999
1280,200.000000,-18.400000
1281,192.000000,-16.799999
1282,176.000000,-19.200001
1283,168.000000,-21.600000
1284,128.000000,-17.600000
1285,120.000000,-18.400000
1286,128.000000,-18.400000
1287,144.000000,-17.600000
1288,160.000000,-19.200001
1289,168.000000,-18.400000
1290,184.000000,-17.600000
1291,160.000000,-18.400000
1292,128.000000,-18.400000
1293,120.000000,-18.400000
1294,104.000000,-19.200001
1295,96.000000,-18.400000
1296,72.000000,-20.799999
1297,112.000000,-18.400000
1298,136.000000,-20.000000
1299,136.000000,-19.200001
1300,176.000000,-21.600000
1301,152.000000,-20.000000
1302,120.000000,-21.600000
1303,120.000000,-20.000000
1304,104.000000,-18.400000
1305,72.000000,-22.400000
1306,88.000000,-20.000000
1307,96.000000,-22.400000
1308,136.000000,-20.799999
1309,128.000000,-17.600000
1310,128.000000,-20.000000
1311,96.000000,-21.600000
1312,80.000000,-23.200001
1313,56.000000,-21.600000
1314,40.000000,-20.799999
1315,32.000000,-23.200001
1316,32.000000,-22.400000
1317,48.000000,-27.200001
1318,80.000000,-22.400000
1319,80.000000,-22.400000
1320,96.000000,-24.000000
1321,88.000000,-24.799999
1322,72.000000,-23.200001
1323,48.000000,-22.400000
1324,48.000000,-23.200001
1325,32.000000,-22.400000
1326,40.000000,-22.400000
1327,56.000000,-24.000000
1328,88.000000,-24.799999
1329,80.000000,-24.000000
1330,80.000000,-42.400002
1331,56.000000,-23.200001
1332,40.000000,-22.400000
1333,24.000000,-25.600000
1334,8.000000,-24.000000
1335,0.000000,-28.000000
1336,0.000000,-24.799999
1337,16.000000,-24.799999
1338,16.000000,-24.799999
1339,24.000000,-24.000000
1340,32.000000,-23.200001
1341,16.000000,-24.799999
1342,16.000000,-25.600000
1343,8.000000,-16.799999
1344,-16.000000,-24.799999
1345,-32.000000,-24.799999
1346,0.000000,-26.400000
1347,32.000000,-28.000000
1348,32.000000,-15.200000
1349,48.000000,-26.400000
1350,32.000000,-25.600000
1351,16.000000,-27.200001
1352,0.000000,-24.799999
1353,-16.000000,-28.000000
1354,-56.000000,-27.200001
1355,-64.000000,-27.200001
1356,-72.000000,-27.200001
1357,-56.000000,-25.600000
1358,-24.000000,-26.400000
1359,-32.000000,-28.000000
1360,-16.000000,-28.000000
1361,-24.000000,-31.200001
1362,-32.000000,-27.200001
1363,-48.000000,-29.600000
1364,-56.000000,-28.799999
1365,-56.000000,-27.200001
1366,-72.000000,-30.400000
1367,-56.000000,-28.000000
1368,-24.000000,-27.200001
1369,-16.000000,-28.799999
1370,-32.000000,-28.000000
1371,-56.000000,-28.000000
1372,-80.000000,-28.799999
1373,-64.000000,-29.600000
1374,-96.000000,-28.000000
1375,-104.000000,-28.799999
1376,-96.000000,-29.600000
1377,-88.000000,-29.600000
1378,-88.000000,-28.000000
1379,-88.000000,-24.799999
1380,-72.000000,-28.799999
1381,-80.000000,-28.000000
1382,-88.000000,-30.400000
1383,-104.000000,-29.600000
1384,-112.000000,-28.799999
1385,-136.000000,-28.799999
1386,-136.000000,-29.600000
1387,-112.000000,-28.799999
1388,-80.000000,-28.799999
1389,-72.000000,-29.600000
1390,-80.000000,-29.600000
1391,-104.000000,-32.000000
1392,-120.000000,-28.799999
1393,-128.000000,-31.200001
1394,-152.000000,-28.799999
1395,-152.000000,-28.799999
1396,-176.000000,-28.799999
1397,-152.000000,-28.799999
1398,-152.000000,-31.200001
1399,-112.000000,-29.600000
1400,-96.000000,-26.400000
1401,-136.000000,-30.400000
1402,-136.000000,-32.000000
1403,-152.000000,-30.400000
1404,-184.000000,-29.600000
1405,-176.000000,-28.799999
1406,-160.000000,-30.400000
1407,-176.000000,-29.600000
1408,-136.000000,-30.400000
1409,-112.000000,-29.600000
1410,-128.000000,-32.000000
1411,-168.000000,-32.000000
1412,-168.000000,-29.600000
1413,-168.000000,-13.600000
1414,-200.000000,-31.200001
1415,-208.000000,-29.600000
1416,-216.000000,-29.600000
1417,-200.000000,-32.000000
1418,-168.000000,-35.200001
1419,-152.000000,-32.000000
1420,-160.000000,-29.600000
1421,-176.000000,-31.200001
1422,-184.000000,-32.000000
1423,-200.000000,-31.200001
1424,-216.000000,-32.799999
1425,-224.000000,-31.200001
1426,-208.000000,-42.400002
1427,-200.000000,-32.000000
1428,-176.000000,-30.400000
1429,-184.000000,-30.400000
1430,-168.000000,-32.799999
1431,-192.000000,-19.200001
1432,-208.000000,-31.200001
1433,-232.000000,-30.400000
1434,-224.000000,-31.200001
1435,-248.000000,-30.400000
1436,-256.000000,-33.599998
1437,-248.000000,-30.400000
1438,-256.000000,-32.000000
1439,-216.000000,-31.200001
1440,-224.000000,-32.000000
1441,-224.000000,-30.400000
1442,-232.000000,-31.200001
1443,-224.000000,-32.799999
1444,-256.000000,-32.000000
1445,-256.000000,-32.799999
1446,-256.000000,-32.000000
1447,-272.000000,-30.400000
1448,-224.000000,-30.400000
1449,-224.000000,-28.799999
1450,-240.000000,-32.000000
1451,-256.000000,-31.200001
1452,-248.000000,-32.000000
1453,-280.000000,-32.000000
1454,-288.000000,-30.400000
1455,-296.000000,-32.799999
1456,-296.000000,-32.000000
1457,-288.000000,-28.799999
1458,-296.000000,-31.200001
1459,-256.000000,-32.000000
1460,-280.000000,-31.200001
1461,-280.000000,-31.200001
1462,-272.000000,-28.799999
1463,-288.000000,-31.200001
1464,-304.000000,-32.799999
1465,-328.000000,-30.400000
1466,-296.000000,-32.000000
1467,-304.000000,-30.400000
1468,-272.000000,-31.200001
1469,-240.000000,-30.400000
1470,-256.000000,-26.400000
1471,-272.000000,-30.400000
1472,-304.000000,-30.400000
1473,-288.000000,-31.200001
1474,-328.000000,-30.400000
1475,-344.000000,-26.400000
1476,-336.000000,-30.400000
1477,-328.000000,-29.600000
1478,-304.000000,-29.600000
1479,-296.000000,-28.799999
1480,-296.000000,-31.200001
1481,-304.000000,-29.600000
1482,-296.000000,-30.400000
1483,-312.000000,-48.000000
1484,-336.000000,-30.400000
1485,-336.000000,-30.400000
1486,-360.000000,-29.600000
1487,-328.000000,-30.400000
1488,-296.000000,-23.200001
1489,-304.000000,-31.200001
1490,-304.000000,-30.400000
1491,-328.000000,-32.000000
1492,-328.000000,-30.400000
1493,-360.000000,-28.799999
1494,-368.000000,-28.000000
1495,-360.000000,-29.600000
1496,-376.000000,-40.799999
1497,-376.000000,-29.600000
1498,-352.000000,-28.000000
1499,-336.000000,-28.799999
1500,-328.000000,-29.600000
1501,-336.000000,-32.799999
1502,-320.000000,-29.600000
1503,-368.000000,-28.000000
1504,-384.000000,-28.799999
1505,-376.000000,-28.000000
1506,-376.000000,-28.000000
1507,-360.000000,-29.600000
1508,-328.000000,-29.600000
1509,-328.000000,-28.000000
1510,-360.000000,-28.000000
1511,-368.000000,-26.400000
1512,-384.000000,-27.200001
1513,-384.000000,-28.000000
1514,-416.000000,-28.000000
1515,-400.000000,-27.200001
1516,-424.000000,-29.600000
1517,-392.000000,-25.600000
1518,-392.000000,-27.200001
1519,-392.000000,-34.400002
1520,-384.000000,-27.200001
1521,-408.000000,-26.400000
1522,-400.000000,-28.000000
1523,-376.000000,-26.400000
1524,-408.000000,-27.200001
1525,-408.000000,-25.600000
1526,-432.000000,-27.200001
1527,-384.000000,-31.200001
1528,-392.000000,-27.200001
1529,-376.000000,-27.200001
1530,-368.000000,-25.600000
1531,-400.000000,-26.400000
1532,-400.000000,-24.000000
1533,-416.000000,-23.200001
1534,-432.000000,-25.600000
1535,-432.000000,-26.400000
1536,-440.000000,-24.000000
1537,-432.000000,-25.600000
1538,-400.000000,-26.400000
1539,-392.000000,-25.600000
1540,-416.000000,-16.799999
1541,-408.000000,-25.600000
1542,-408.000000,-25.600000
1543,-440.000000,-23.200001
1544,-440.000000,-24.799999
1545,-440.000000,-27.200001
1546,-432.000000,-24.799999
1547,-416.000000,-23.200001
1548,-392.000000,-24.000000
1549,-376.000000,-24.000000
1550,-392.000000,-23.200001
1551,-400.000000,-24.000000
1552,-416.000000,-23.200001
1553,-464.000000,-16.799999
1554,-464.000000,-23.200001
1555,-472.000000,-22.400000
1556,-472.000000,-24.000000
1557,-464.000000,-23.200001
1558,-432.000000,-13.600000
1559,-424.000000,-22.400000
1560,-416.000000,-23.200001
1561,-416.000000,-21.600000
1562,-408.000000,-20.000000
1563,-408.000000,-24.000000
1564,-456.000000,-21.600000
1565,-480.000000,-22.400000
1566,-440.000000,-20.799999
1567,-424.000000,-22.400000
1568,-424.000000,-20.799999
1569,-400.000000,-20.799999
1570,-392.000000,-20.799999
1571,-440.000000,-20.000000
1572,-440.000000,-19.200001
1573,-456.000000,-20.799999
1574,-488.000000,-20.799999
1575,-488.000000,-19.200001
1576,-488.000000,-15.200000
1577,-456.000000,-19.200001
1578,-448.000000,-20.000000
1579,-440.000000,-20.799999
1580,-424.000000,-18.400000
1581,-448.000000,-20.799999
1582,-432.000000,-17.600000
1583,-448.000000,-19.200001
1584,-464.000000,-23.200001
1585,-488.000000,-19.200001
1586,-472.000000,-18.400000
1587,-448.000000,-17.600000
1588,-424.000000,-18.400000
1589,-424.000000,-19.200001
1590,-408.000000,-17.600000
1591,-424.000000,-17.600000
1592,-456.000000,-16.799999
1593,-464.000000,-16.799999
1594,-472.000000,-15.200000
1595,-472.000000,-17.600000
1596,-488.000000,-18.400000
1597,-472.000000,-22.400000
1598,-472.000000,-16.000000
1599,-448.000000,-15.200000
1600,-440.000000,-16.000000
1601,-440.000000,-17.600000
1602,-440.000000,-16.799999
1603,-440.000000,-17.600000
1604,-472.000000,-16.799999
1605,-480.000000,-14.400000
1606,-480.000000,-13.600000
1607,-432.000000,-12.800000
1608,-424.000000,-16.000000
1609,-424.000000,-12.800000
1610,-416.000000,12.000000
1611,-416.000000,-14.400000
1612,-432.000000,-12.800000
1613,-448.000000,-13.600000
1614,-504.000000,-14.400000
1615,-488.000000,-0.800000
1616,-488.000000,-12.000000
1617,-472.000000,-10.400000
1618,-456.000000,-12.000000
1619,-448.000000,-12.000000
1620,-424.000000,-12.000000
1621,-408.000000,-10.400000
1622,-424.000000,-8.800000
1623,-440.000000,-9.600000
1624,-448.000000,-12.800000
1625,-456.000000,-9.600000
1626,-464.000000,-8.800000
1627,-424.000000,-11.200000
1628,-400.000000,-12.000000
1629,-424.000000,-8.800000
1630,-424.000000,-11.200000
1631,-440.000000,-9.600000
1632,-456.000000,-8.800000
1633,-464.000000,-1.600000
1634,-472.000000,-10.400000
1635,-480.000000,-7.200000
1636,-488.000000,-7.200000
1637,-464.000000,-9.600000
1638,-440.000000,-5.600000
1639,-424.000000,-7.200000
1640,-416.000000,-8.800000
1641,-400.000000,-2.400000
1642,-400.000000,-7.200000
1643,-408.000000,-7.200000
1644,-432.000000,-7.200000
1645,-456.000000,-7.200000
1646,-432.000000,-4.000000
1647,-416.000000,-5.600000
1648,-384.000000,-4.800000
1649,-376.000000,-5.600000
1650,-408.000000,-7.200000
1651,-416.000000,-4.000000
1652,-416.000000,-3.200000
1653,-416.000000,-4.000000
1654,-456.000000,-2.400000
1655,-464.000000,-3.200000
1656,-464.000000,-4.000000
1657,-456.000000,-3.200000
1658,-440.000000,-4.000000
1659,-416.000000,0.800000
1660,-400.000000,-4.000000
1661,-400.000000,-4.000000
1662,-376.000000,-3.200000
1663,-392.000000,-3.200000
1664,-424.000000,-1.600000
1665,-440.000000,-3.200000
1666,-440.000000,-1.600000
1667,-400.000000,13.600000
1668,-384.000000,-1.600000
1669,-360.000000,-2.400000
1670,-376.000000,-0.800000
1671,-408.000000,-2.400000
1672,-400.000000,-1.600000
1673,-416.000000,-0.800000
1674,-432.000000,0.000000
1675,-432.000000,-0.800000
1676,-432.000000,0.000000
1677,-432.000000,0.800000
1678,-400.000000,-0.800000
1679,-408.000000,2.400000
1680,-392.000000,-16.799999
1681,-368.000000,0.800000
1682,-368.000000,1.600000
1683,-384.000000,0.800000
1684,-416.000000,0.000000
1685,-424.000000,6.400000
1686,-400.000000,4.000000
1687,-392.000000,1.600000
1688,-368.000000,4.000000
1689,-360.000000,4.000000
1690,-360.000000,1.600000
1691,-368.000000,3.200000
1692,-392.000000,4.000000
1693,-376.000000,-7.200000
1694,-392.000000,3.200000
1695,-392.000000,4.800000
1696,-408.000000,4.000000
1697,-392.000000,4.000000
1698,-376.000000,-2.400000
1699,-360.000000,6.400000
1700,-360.000000,4.800000
1701,-336.000000,4.800000
1702,-352.000000,5.600000
1703,-352.000000,4.800000
1704,-368.000000,6.400000
1705,-384.000000,6.400000
1706,-384.000000,7.200000
1707,-360.000000,6.400000
1708,-336.000000,7.200000
1709,-296.000000,7.200000
1710,-312.000000,5.600000
1711,-296.000000,4.000000
1712,-360.000000,8.800000
1713,-352.000000,8.800000
1714,-360.000000,8.800000
1715,-368.000000,9.600000
1716,-384.000000,8.000000
1717,-368.000000,9.600000
1718,-344.000000,8.800000
1719,-328.000000,8.000000
1720,-336.000000,11.200000
1721,-328.000000,9.600000
1722,-296.000000,8.800000
1723,-312.000000,11.200000
1724,-344.000000,14.400000
1725,-344.000000,9.600000
1726,-352.000000,9.600000
1727,-344.000000,12.800000
1728,-320.000000,9.600000
1729,-296.000000,12.000000
1730,-288.000000,10.400000
1731,-304.000000,13.600000
1732,-304.000000,12.000000
1733,-296.000000,12.000000
1734,-328.000000,13.600000
1735,-336.000000,12.000000
1736,-320.000000,12.800000
1737,-320.000000,8.000000
1738,-296.000000,12.800000
1739,-280.000000,12.800000
1740,-264.000000,14.400000
1741,-272.000000,14.400000
1742,-296.000000,15.200000
1743,-304.000000,14.400000
1744,-312.000000,15.200000
1745,-312.000000,15.200000
1746,-328.000000,16.000000
1747,-272.000000,15.200000
1748,-256.000000,14.400000
1749,-248.000000,15.200000
1750,-240.000000,8.000000
1751,-264.000000,15.200000
1752,-280.000000,15.200000
1753,-272.000000,16.000000
1754,-296.000000,16.000000
1755,-272.000000,18.400000
1756,-280.000000,16.000000
1757,-280.000000,16.000000
1758,-272.000000,17.600000
1759,-232.000000,17.600000
1760,-232.000000,16.799999
1761,-216.000000,16.799999
1762,-224.000000,17.600000
1763,-248.000000,-3.200000
1764,-280.000000,16.000000
1765,-288.000000,18.400000
1766,-248.000000,19.200001
1767,-216.000000,18.400000
1768,-216.000000,18.400000
1769,-200.000000,19.200001
1770,-216.000000,18.400000
1771,-216.000000,18.400000
1772,-224.000000,18.400000
1773,-248.000000,19.200001
1774,-256.000000,19.200001
1775,-256.000000,20.000000
1776,-232.000000,20.000000
1777,-232.000000,20.000000
1778,-208.000000,20.799999
1779,-208.000000,21.600000
1780,-200.000000,20.799999
1781,-192.000000,30.400000
1782,-192.000000,20.000000
1783,-208.000000,20.000000
1784,-200.000000,20.799999
1785,-216.000000,21.600000
1786,-216.000000,19.200001
1787,-168.000000,22.400000
1788,-152.000000,21.600000
1789,-152.000000,22.400000
1790,-144.000000,21.600000
1791,-160.000000,22.400000
1792,-176.000000,22.400000
1793,-192.000000,20.799999
1794,-200.000000,18.400000
1795,-200.000000,23.200001
1796,-200.000000,23.200001
1797,-176.000000,23.200001
1798,-160.000000,24.000000
1799,-144.000000,18.400000
1800,-128.000000,23.200001
1801,-136.000000,22.400000
1802,-120.000000,24.799999
1803,-144.000000,23.200001
1804,-176.000000,25.600000
1805,-176.000000,24.000000
1806,-184.000000,24.799999
1807,-128.000000,24.000000
1808,-104.000000,26.400000
1809,-88.000000,24.000000
1810,-88.000000,25.600000
1811,-104.000000,25.600000
1812,-112.000000,22.400000
1813,-136.000000,25.600000
1814,-144.000000,25.600000
1815,-152.000000,25.600000
1816,-152.000000,23.200001
1817,-128.000000,26.400000
1818,-112.000000,25.600000
1819,-112.000000,25.600000
1820,-88.000000,27.200001
1821,-88.000000,25.600000
1822,-56.000000,26.400000
1823,-80.000000,25.600000
1824,-112.000000,25.600000
1825,-96.000000,30.400000
1826,-104.000000,25.600000
1827,-64.000000,27.200001
1828,-56.000000,25.600000
1829,-48.000000,28.000000
1830,-32.000000,27.200001
1831,-64.000000,27.200001
1832,-80.000000,27.200001
1833,-64.000000,28.799999
1834,-88.000000,27.200001
1835,-80.000000,27.200001
1836,-80.000000,28.799999
1837,-64.000000,27.200001
1838,-32.000000,27.200001
1839,-32.000000,27.200001
1840,-24.000000,27.200001
1841,-48.000000,28.799999
1842,-8.000000,28.799999
1843,-32.000000,27.200001
1844,-56.000000,28.000000
1845,-88.000000,27.200001
1846,-56.000000,22.400000
1847,-32.000000,29.600000
1848,0.000000,28.799999
1849,16.000000,28.799999
1850,8.000000,28.799999
1851,0.000000,28.799999
1852,0.000000,29.600000
1853,-24.000000,27.200001
1854,-40.000000,28.000000
1855,-40.000000,28.000000
1856,-40.000000,28.799999
1857,0.000000,28.000000
1858,-8.000000,30.400000
1859,0.000000,21.600000
1860,48.000000,29.600000
1861,24.000000,30.400000
1862,16.000000,30.400000
1863,8.000000,28.799999
1864,-16.000000,27.200001
1865,-24.000000,29.600000
1866,-16.000000,29.600000
1867,32.000000,29.600000
1868,56.000000,29.600000
1869,72.000000,29.600000
1870,104.000000,29.600000
1871,80.000000,29.600000
1872,40.000000,15.200000
1873,24.000000,28.000000
1874,0.000000,32.000000
1875,8.000000,30.400000
1876,40.000000,29.600000
1877,40.000000,24.000000
1878,32.000000,30.400000
1879,72.000000,30.400000
1880,80.000000,31.200001
1881,88.000000,30.400000
1882,56.000000,27.200001
1883,24.000000,31.200001
1884,24.000000,30.400000
1885,24.000000,28.000000
1886,48.000000,29.600000
1887,80.000000,30.400000
1888,112.000000,29.600000
1889,104.000000,30.400000
1890,128.000000,31.200001
1891,96.000000,31.200001
1892,80.000000,30.400000
1893,72.000000,31.200001
1894,48.000000,30.400000
1895,72.000000,30.400000
1896,64.000000,30.400000
1897,96.000000,32.000000
1898,104.000000,31.200001
1899,120.000000,31.200001
1900,104.000000,29.600000
1901,120.000000,31.200001
1902,120.000000,29.600000
1903,104.000000,26.400000
1904,96.000000,31.200001
1905,96.000000,30.400000
1906,72.000000,30.400000
1907,128.000000,31.200001
1908,136.000000,26.400000
1909,160.000000,31.200001
1910,152.000000,30.400000
1911,168.000000,31.200001
1912,136.000000,31.200001
1913,128.000000,31.200001
1914,96.000000,31.200001
1915,96.000000,30.400000
1916,104.000000,34.400002
1917,128.000000,30.400000
1918,136.000000,30.400000
1919,160.000000,29.600000
1920,176.000000,30.400000
1921,160.000000,33.599998
1922,168.000000,31.200001
1923,152.000000,30.400000
1924,136.000000,31.200001
1925,136.000000,30.400000
1926,144.000000,31.200001
1927,160.000000,31.200001
1928,192.000000,29.600000
1929,200.000000,32.000000
1930,200.000000,30.400000
1931,200.000000,29.600000
1932,184.000000,29.600000
1933,176.000000,29.600000
1934,160.000000,28.799999
1935,144.000000,29.600000
1936,160.000000,30.400000
1937,144.000000,28.799999
1938,184.000000,31.200001
1939,224.000000,29.600000
1940,200.000000,30.400000
1941,232.000000,28.799999
1942,216.000000,28.799999
1943,192.000000,29.600000
1944,184.000000,28.799999
1945,168.000000,29.600000
1946,184.000000,29.600000
1947,208.000000,27.200001
1948,240.000000,29.600000
1949,248.000000,29.600000
1950,240.000000,29.600000
1951,232.000000,30.400000
1952,224.000000,29.600000
1953,208.000000,29.600000
1954,176.000000,30.400000
1955,176.000000,33.599998
1956,184.000000,28.799999
1957,216.000000,30.400000
1958,224.000000,30.400000
1959,264.000000,30.400000
1960,256.000000,26.400000
1961,256.000000,30.400000
1962,256.000000,28.799999
1963,240.000000,28.799999
1964,208.000000,28.799999
1965,200.000000,27.200001
1966,232.000000,28.000000
1967,256.000000,28.799999
1968,256.000000,24.799999
1969,288.000000,28.000000
1970,288.000000,28.000000
1971,264.000000,28.799999
1972,256.000000,28.000000
1973,248.000000,28.000000
1974,224.000000,28.799999
1975,232.000000,28.000000
1976,240.000000,29.600000
1977,256.000000,28.000000
1978,272.000000,28.799999
1979,304.000000,27.200001
1980,280.000000,28.799999
1981,272.000000,3.200000
1982,280.000000,27.200001
1983,280.000000,28.799999
1984,248.000000,28.000000
1985,248.000000,26.400000
1986,256.000000,24.000000
1987,296.000000,26.400000
1988,320.000000,27.200001
1989,328.000000,26.400000
1990,328.000000,27.200001
1991,296.000000,26.400000
1992,296.000000,27.200001
1993,264.000000,26.400000
1994,264.000000,15.200000
1995,280.000000,25.600000
1996,264.000000,26.400000
1997,280.000000,26.400000
1998,320.000000,25.600000
1999,336.000000,22.400000
2000,336.000000,27.200001
2001,312.000000,24.000000
2002,312.000000,25.600000
2003,304.000000,27.200001
2004,280.000000,26.400000
2005,280.000000,25.600000
2006,280.000000,25.600000
2007,304.000000,55.200001
2008,344.000000,23.200001
2009,344.000000,27.200001
2010,352.000000,24.000000
2011,312.000000,25.600000
2012,312.000000,33.599998
2013,312.000000,24.000000
2014,296.000000,24.000000
2015,296.000000,24.000000
2016,288.000000,24.000000
2017,304.000000,24.799999
2018,344.000000,24.000000
2019,336.000000,24.799999
2020,344.000000,10.400000
2021,360.000000,24.000000
2022,336.000000,24.000000
2023,328.000000,24.000000
2024,312.000000,22.400000
2025,304.000000,27.200001
2026,312.000000,23.200001
2027,328.000000,22.400000
2028,360.000000,22.400000
2029,360.000000,23.200001
2030,344.000000,21.600000
2031,352.000000,23.200001
2032,336.000000,23.200001
2033,320.000000,20.799999
2034,312.000000,21.600000
2035,328.000000,22.400000
2036,312.000000,21.600000
2037,336.000000,21.600000
2038,344.000000,14.400000
2039,352.000000,23.200001
2040,360.000000,20.000000
2041,352.000000,21.600000
2042,344.000000,21.600000
2043,352.000000,20.799999
2044,328.000000,21.600000
2045,320.000000,20.799999
2046,336.000000,20.799999
2047,368.000000,19.200001
2048,376.000000,21.600000
2049,392.000000,21.600000
2050,392.000000,20.000000
2051,368.000000,18.400000
2052,344.000000,20.799999
2053,328.000000,18.400000
2054,328.000000,20.000000
2055,328.000000,19.200001
2056,320.000000,16.000000
2057,352.000000,16.799999
2058,384.000000,20.000000
2059,376.000000,18.400000
2060,376.000000,19.200001
2061,352.000000,19.200001
2062,352.000000,19.200001
2063,360.000000,17.600000
2064,344.000000,16.799999
2065,328.000000,17.600000
2066,328.000000,16.799999
2067,368.000000,17.600000
2068,408.000000,17.600000
2069,392.000000,22.400000
2070,384.000000,16.000000
2071,392.000000,17.600000
2072,368.000000,17.600000
2073,344.000000,17.600000
2074,328.000000,16.799999
2075,328.000000,16.799999
2076,328.000000,13.600000
2077,352.000000,16.799999
2078,376.000000,15.200000
2079,384.000000,16.000000
2080,392.000000,16.799999
2081,376.000000,16.000000
2082,392.000000,19.200001
2083,360.000000,15.200000
2084,336.000000,16.000000
2085,352.000000,16.000000
2086,352.000000,13.600000
2087,368.000000,14.400000
2088,416.000000,13.600000
2089,400.000000,14.400000
2090,384.000000,16.799999
2091,384.000000,15.200000
2092,368.000000,13.600000
2093,344.000000,13.600000
2094,344.000000,13.600000
2095,320.000000,16.799999
2096,352.000000,13.600000
2097,352.000000,13.600000
2098,392.000000,12.800000
2099,416.000000,12.800000
2100,352.000000,12.800000
2101,384.000000,13.600000
2102,376.000000,12.000000
2103,376.000000,13.600000
2104,344.000000,12.800000
2105,352.000000,11.200000
2106,352.000000,12.800000
2107,376.000000,11.200000
2108,408.000000,9.600000
2109,408.000000,9.600000
2110,392.000000,12.000000
2111,376.000000,9.600000
2112,368.000000,11.200000
2113,352.000000,10.400000
2114,344.000000,12.000000
2115,360.000000,9.600000
2116,352.000000,11.200000
2117,344.000000,10.400000
2118,376.000000,8.800000
2119,400.000000,9.600000
2120,392.000000,9.600000
2121,384.000000,12.800000
2122,368.000000,11.200000
2123,368.000000,9.600000
2124,352.000000,8.800000
2125,328.000000,8.000000
2126,336.000000,8.800000
2127,384.000000,7.200000
2128,392.000000,7.200000
2129,392.000000,8.000000
2130,368.000000,8.000000
2131,384.000000,8.800000
2132,344.000000,6.400000
2133,360.000000,8.800000
2134,336.000000,6.400000
2135,328.000000,8.000000
2136,336.000000,6.400000
2137,344.000000,7.200000
2138,352.000000,6.400000
2139,368.000000,5.600000
2140,360.000000,4.800000
2141,376.000000,5.600000
2142,384.000000,23.200001
2143,368.000000,6.400000
2144,336.000000,5.600000
2145,336.000000,6.400000
2146,352.000000,4.000000
2147,360.000000,4.800000
2148,392.000000,4.800000
2149,400.000000,4.800000
2150,384.000000,5.600000
2151,360.000000,7.200000
2152,352.000000,3.200000
2153,320.000000,4.000000
2154,304.000000,3.200000
2155,328.000000,-5.600000
2156,328.000000,2.400000
2157,352.000000,3.200000
2158,360.000000,1.600000
2159,352.000000,1.600000
2160,376.000000,9.600000
2161,352.000000,3.200000
2162,344.000000,2.400000
2163,336.000000,2.400000
2164,320.000000,2.400000
2165,312.000000,-0.800000
2166,312.000000,2.400000
2167,344.000000,3.200000
2168,376.000000,-0.800000
2169,360.000000,0.000000
2170,360.000000,1.600000
2171,360.000000,0.800000
2172,344.000000,1.600000
2173,320.000000,-3.200000
2174,304.000000,2.400000
2175,288.000000,-1.600000
2176,304.000000,0.000000
2177,328.000000,0.800000
2178,336.000000,1.600000
2179,352.000000,-1.600000
2180,336.000000,0.800000
2181,344.000000,-0.800000
2182,320.000000,0.000000
2183,312.000000,-2.400000
2184,296.000000,0.800000
2185,296.000000,-1.600000
2186,312.000000,-0.800000
2187,312.000000,-2.400000
2188,368.000000,-1.600000
2189,368.000000,-4.000000
2190,376.000000,-0.800000
2191,328.000000,-1.600000
2192,320.000000,-2.400000
2193,304.000000,-3.200000
2194,280.000000,-3.200000
2195,288.000000,-4.000000
2196,280.000000,-2.400000
2197,288.000000,-4.000000
2198,320.000000,-4.000000
2199,328.000000,1.600000
2200,328.000000,-4.800000
2201,312.000000,-4.000000
2202,296.000000,-4.000000
2203,296.000000,-4.800000
2204,272.000000,-1.600000
2205,288.000000,-4.000000
2206,280.000000,-5.600000
2207,288.000000,-4.800000
2208,344.000000,-5.600000
2209,320.000000,-4.000000
2210,328.000000,-6.400000
2211,320.000000,-5.600000
2212,296.000000,-4.800000
2213,264.000000,-4.800000
2214,264.000000,-8.800000
2215,264.000000,-6.400000
2216,256.000000,-6.400000
2217,256.000000,-3.200000
2218,288.000000,-7.200000
2219,280.000000,-5.600000
2220,280.000000,-8.800000
2221,280.000000,-5.600000
2222,248.000000,-8.000000
2223,248.000000,-8.800000
2224,248.000000,-8.000000
2225,240.000000,-24.000000
2226,256.000000,-7.200000
2227,256.000000,-8.800000
2228,288.000000,-8.800000
2229,312.000000,-9.600000
2230,296.000000,-12.800000
2231,280.000000,-8.800000
2232,248.000000,-8.800000
2233,240.000000,-9.600000
2234,232.000000,-10.400000
2235,240.000000,-13.600000
2236,216.000000,-10.400000
2237,224.000000,-10.400000
2238,232.000000,-5.600000
2239,256.000000,-11.200000
2240,256.000000,-9.600000
2241,240.000000,-10.400000
2242,240.000000,-11.200000
2243,240.000000,-12.000000
2244,200.000000,-12.000000
2245,200.000000,-12.800000
2246,224.000000,-12.000000
2247,232.000000,-12.000000
2248,256.000000,-12.800000
2249,280.000000,-13.600000
2250,272.000000,-13.600000
2251,248.000000,-12.000000
2252,216.000000,-12.000000
2253,216.000000,-11.200000
2254,200.000000,-12.800000
2255,168.000000,-12.800000
2256,200.000000,-12.000000
2257,192.000000,-13.600000
2258,216.000000,-13.600000
2259,232.000000,-14.400000
2260,240.000000,-14.400000
2261,240.000000,-13.600000
2262,224.000000,-16.000000
2263,200.000000,-16.000000
2264,184.000000,-14.400000
2265,168.000000,-15.200000
2266,160.000000,-14.400000
2267,176.000000,-15.200000
2268,216.000000,-16.000000
2269,240.000000,-12.000000
2270,200.000000,-17.600000
2271,192.000000,-15.200000
2272,168.000000,-16.000000
2273,160.000000,-16.000000
2274,152.000000,-16.000000
2275,168.000000,-16.000000
2276,144.000000,-16.000000
2277,144.000000,-16.799999
2278,200.000000,-16.799999
2279,192.000000,-17.600000
2280,200.000000,-19.200001
2281,208.000000,-16.000000
2282,192.000000,-30.400000
2283,168.000000,-18.400000
2284,144.000000,-17.600000
2285,136.000000,-17.600000
2286,152.000000,-19.200001
2287,168.000000,-14.400000
2288,232.000000,-16.799999
2289,232.000000,-18.400000
2290,208.000000,-19.200001
2291,176.000000,-18.400000
2292,136.000000,-20.799999
2293,136.000000,-20.000000
2294,104.000000,-21.600000
2295,96.000000,-20.799999
2296,96.000000,-20.000000
2297,128.000000,-19.200001
2298,128.000000,-19.200001
2299,144.000000,-19.200001
2300,144.000000,-20.799999
2301,136.000000,-19.200001
2302,104.000000,-19.200001
2303,96.000000,-20.000000
2304,96.000000,-21.600000
2305,80.000000,-20.799999
2306,96.000000,-21.600000
2307,128.000000,-21.600000
2308,152.000000,-20.799999
2309,144.000000,-21.600000
2310,136.000000,-20.000000
2311,120.000000,-20.799999
2312,88.000000,-21.600000
2313,72.000000,-18.400000
2314,56.000000,-22.400000
2315,56.000000,-20.799999
2316,56.000000,-21.600000
2317,56.000000,-24.000000
2318,88.000000,-22.400000
2319,96.000000,-23.200001
2320,104.000000,-24.000000
2321,80.000000,-23.200001
2322,96.000000,-22.400000
2323,72.000000,-23.200001
2324,32.000000,-24.000000
2325,16.000000,-24.000000
2326,32.000000,-2.400000
2327,56.000000,-24.799999
2328,64.000000,-24.000000
2329,96.000000,-24.000000
2330,72.000000,-24.799999
2331,72.000000,-28.000000
2332,32.000000,-24.000000
2333,32.000000,-24.000000
2334,8.000000,-24.799999
2335,-8.000000,-23.200001
2336,0.000000,-22.400000
2337,-8.000000,-24.799999
2338,40.000000,-23.200001
2339,40.000000,-25.600000
2340,48.000000,-25.600000
2341,56.000000,-25.600000
2342,40.000000,-27.200001
2343,32.000000,-24.799999
2344,0.000000,-25.600000
2345,-32.000000,-25.600000
2346,-8.000000,-27.200001
2347,16.000000,-25.600000
2348,16.000000,-26.400000
2349,56.000000,-24.000000
2350,16.000000,-26.400000
2351,0.000000,-25.600000
2352,-8.000000,-26.400000
2353,-16.000000,-27.200001
2354,-56.000000,-26.400000
2355,-48.000000,-26.400000
2356,-40.000000,-26.400000
2357,-56.000000,-20.799999
2358,-40.000000,-27.200001
2359,0.000000,-26.400000
2360,8.000000,-26.400000
2361,0.000000,-26.400000
2362,-16.000000,-23.200001
2363,-32.000000,-27.200001
2364,-56.000000,-27.200001
2365,-88.000000,-28.000000
2366,-56.000000,-28.000000
2367,-32.000000,-29.600000
2368,-24.000000,-28.000000
2369,-8.000000,-27.200001
2370,-32.000000,-28.000000
2371,-48.000000,-28.000000
2372,-56.000000,-28.000000
2373,-72.000000,-29.600000
2374,-96.000000,-28.799999
2375,-88.000000,-24.000000
2376,-96.000000,-28.799999
2377,-88.000000,-28.799999
2378,-72.000000,-29.600000
2379,-88.000000,-28.000000
2380,-64.000000,-29.600000
2381,-56.000000,-30.400000
2382,-80.000000,-28.799999
2383,-72.000000,-29.600000
2384,-104.000000,-30.400000
2385,-136.000000,-28.799999
2386,-128.000000,-30.400000
2387,-104.000000,-29.600000
2388,-88.000000,-9.600000
2389,-112.000000,-28.799999
2390,-88.000000,-29.600000
2391,-96.000000,-28.799999
2392,-128.000000,-30.400000
2393,-128.000000,-37.599998
2394,-152.000000,-29.600000
2395,-152.000000,-30.400000
2396,-160.000000,-30.400000
2397,-152.000000,-28.799999
2398,-144.000000,-32.799999
2399,-136.000000,-28.799999
2400,-128.000000,-28.799999
2401,-120.000000,-30.400000
2402,-128.000000,-32.000000
2403,-128.000000,-30.400000
2404,-160.000000,-29.600000
2405,-176.000000,-32.000000
2406,-168.000000,-28.000000
2407,-152.000000,-30.400000
2408,-136.000000,-29.600000
2409,-120.000000,-30.400000
2410,-128.000000,-31.200001
2411,-160.000000,-28.799999
2412,-176.000000,-29.600000
2413,-192.000000,-29.600000
2414,-216.000000,-31.200001
2415,-208.000000,-31.200001
2416,-184.000000,-29.600000
2417,-184.000000,-31.200001
2418,-184.000000,-30.400000
2419,-168.000000,-31.200001
2420,-160.000000,-32.000000
2421,-184.000000,-31.200001
2422,-176.000000,-29.600000
2423,-192.000000,-32.000000
2424,-208.000000,-37.599998
2425,-224.000000,-32.000000
2426,-224.000000,-32.000000
2427,-224.000000,-32.799999
2428,-184.000000,-29.600000
2429,-184.000000,-31.200001
2430,-184.000000,-31.200001
2431,-200.000000,-32.000000
2432,-192.000000,-32.000000
2433,-232.000000,-32.000000
2434,-240.000000,-30.400000
2435,-248.000000,-30.400000
2436,-264.000000,-29.600000
2437,-264.000000,-28.000000
2438,-224.000000,-32.000000
2439,-216.000000,-32.000000
2440,-200.000000,-31.200001
2441,-200.000000,-31.200001
2442,-224.000000,-32.799999
2443,-240.000000,-31.200001
2444,-264.000000,-30.400000
2445,-256.000000,-32.000000
2446,-264.000000,-31.200001
2447,-256.000000,-33.599998
2448,-240.000000,-32.000000
2449,-208.000000,-32.000000
2450,-208.000000,-55.200001
2451,-232.000000,-31.200001
2452,-248.000000,-31.200001
2453,-280.000000,-31.200001
2454,-288.000000,-32.000000
2455,-280.000000,-29.600000
2456,-304.000000,-30.400000
2457,-288.000000,-31.200001
2458,-264.000000,-31.200001
2459,-256.000000,-30.400000
2460,-256.000000,-33.599998
2461,-264.000000,-32.000000
2462,-256.000000,-30.400000
2463,-280.000000,-30.400000
2464,-304.000000,-32.000000
2465,-320.000000,-31.200001
2466,-304.000000,-29.600000
2467,-288.000000,-30.400000
2468,-256.000000,-28.799999
2469,-256.000000,-32.000000
2470,-264.000000,-32.000000
2471,-288.000000,-30.400000
2472,-296.000000,-30.400000
2473,-320.000000,-27.200001
2474,-344.000000,-31.200001
2475,-352.000000,-30.400000
2476,-344.000000,-30.400000
2477,-352.000000,-28.000000
2478,-328.000000,-31.200001
2479,-328.000000,-32.799999
2480,-304.000000,-29.600000
2481,-304.000000,-7.200000
2482,-312.000000,-31.200001
2483,-312.000000,-28.799999
2484,-336.000000,-28.799999
2485,-368.000000,-32.000000
2486,-352.000000,-29.600000
2487,-344.000000,-30.400000
2488,-320.000000,-31.200001
2489,-304.000000,-29.600000
2490,-304.000000,-29.600000
2491,-336.000000,-36.799999
2492,-344.000000,-29.600000
2493,-360.000000,-28.799999
2494,-376.000000,-29.600000
2495,-392.000000,-30.400000
2496,-368.000000,-30.400000
2497,-384.000000,-28.799999
2498,-360.000000,-28.000000
2499,-336.000000,-26.400000
2500,-336.000000,-29.600000
2501,-336.000000,-29.600000
2502,-352.000000,-28.000000
2503,-360.000000,-28.799999
2504,-392.000000,-36.000000
2505,-368.000000,-27.200001
2506,-384.000000,-29.600000
2507,-368.000000,-28.799999
2508,-312.000000,-28.000000
2509,-312.000000,-28.799999
2510,-328.000000,-26.400000
2511,-344.000000,-28.000000
2512,-376.000000,-27.200001
2513,-368.000000,-28.000000
2514,-400.000000,-28.000000
2515,-416.000000,-27.200001
2516,-400.000000,-28.000000
2517,-400.000000,-25.600000
2518,-392.000000,-28.000000
2519,-376.000000,-28.000000
2520,-368.000000,-28.799999
2521,-376.000000,-28.000000
2522,-384.000000,-24.799999
2523,-384.000000,-28.000000
2524,-400.000000,-25.600000
2525,-408.000000,-27.200001
2526,-408.000000,-27.200001
2527,-408.000000,-27.200001
2528,-360.000000,-27.200001
2529,-352.000000,-27.200001
2530,-368.000000,-40.799999
2531,-392.000000,-26.400000
2532,-408.000000,-24.799999
2533,-416.000000,-26.400000
2534,-416.000000,-25.600000
2535,-432.000000,-24.799999
2536,-424.000000,-25.600000
2537,-432.000000,-26.400000
2538,-392.000000,-25.600000
2539,-416.000000,-25.600000
2540,-400.000000,-24.799999
2541,-392.000000,-25.600000
2542,-392.000000,-23.200001
2543,-400.000000,-24.799999
2544,-432.000000,-25.600000
2545,-424.000000,-23.200001
2546,-424.000000,-25.600000
2547,-424.000000,-24.000000
2548,-416.000000,-24.799999
2549,-384.000000,-23.200001
2550,-384.000000,-24.799999
2551,-400.000000,-23.200001
2552,-432.000000,-24.000000
2553,-440.000000,-23.200001
2554,-440.000000,-22.400000
2555,-456.000000,-24.799999
2556,-464.000000,-24.799999
2557,-456.000000,-21.600000
2558,-440.000000,-21.600000
2559,-424.000000,-23.200001
2560,-400.000000,-22.400000
2561,-416.000000,-22.400000
2562,-440.000000,-23.200001
2563,-432.000000,-20.000000
2564,-456.000000,-20.799999
2565,-472.000000,-22.400000
2566,-440.000000,-20.000000
2567,-448.000000,-20.000000
2568,-432.000000,-22.400000
2569,-400.000000,-20.799999
2570,-400.000000,-21.600000
2571,-424.000000,-23.200001
2572,-432.000000,-20.799999
2573,-424.000000,-20.000000
2574,-472.000000,-20.000000
2575,-472.000000,-18.400000
2576,-456.000000,-19.200001
2577,-456.000000,-18.400000
2578,-480.000000,-18.400000
2579,-440.000000,-38.400002
2580,-424.000000,-20.000000
2581,-416.000000,-17.600000
2582,-416.000000,-18.400000
2583,-432.000000,-19.200001
2584,-464.000000,-23.200001
2585,-472.000000,-18.400000
2586,-456.000000,-19.200001
2587,-424.000000,-17.600000
2588,-424.000000,-17.600000
2589,-408.000000,-14.400000
2590,-432.000000,-18.400000
2591,-440.000000,-15.200000
2592,-448.000000,-16.799999
2593,-448.000000,-17.600000
2594,-472.000000,-15.200000
2595,-472.000000,-16.799999
2596,-472.000000,-16.000000
2597,-480.000000,-19.200001
2598,-464.000000,-17.600000
2599,-464.000000,-15.200000
2600,-432.000000,-14.400000
2601,-456.000000,-15.200000
2602,-440.000000,-17.600000
2603,-448.000000,-13.600000
2604,-480.000000,-16.000000
2605,-480.000000,-15.200000
2606,-464.000000,-15.200000
2607,-448.000000,-13.600000
2608,-448.000000,-15.200000
2609,-432.000000,-12.000000
2610,-424.000000,-13.600000
2611,-440.000000,-14.400000
2612,-440.000000,-12.000000
2613,-464.000000,-12.000000
2614,-480.000000,-13.600000
2615,-464.000000,-8.800000
2616,-480.000000,-12.800000
2617,-464.000000,-12.800000
2618,-448.000000,-12.800000
2619,-432.000000,-11.200000
2620,-456.000000,-7.200000
2621,-416.000000,-12.800000
2622,-416.000000,-11.200000
2623,-432.000000,-10.400000
2624,-456.000000,-11.200000
2625,-456.000000,-8.000000
2626,-464.000000,-11.200000
2627,-440.000000,-9.600000
2628,-416.000000,-12.800000
2629,-408.000000,-9.600000
2630,-392.000000,-8.800000
2631,-416.000000,-9.600000
2632,-432.000000,-8.800000
2633,-448.000000,-10.400000
2634,-480.000000,-9.600000
2635,-496.000000,-8.000000
2636,-472.000000,-7.200000
2637,-472.000000,-8.000000
2638,-448.000000,-9.600000
2639,-424.000000,-8.000000
2640,-400.000000,-7.200000
2641,-416.000000,-7.200000
2642,-416.000000,-5.600000
2643,-424.000000,-7.200000
2644,-440.000000,-6.400000
2645,-448.000000,-4.800000
2646,-448.000000,-32.000000
2647,-424.000000,-6.400000
2648,-392.000000,-6.400000
2649,-400.000000,-4.800000
2650,-408.000000,-4.800000
2651,-400.000000,-0.800000
2652,-432.000000,-4.800000
2653,-440.000000,-4.800000
2654,-448.000000,-3.200000
2655,-456.000000,-4.000000
2656,-432.000000,-7.200000
2657,-440.000000,-4.800000
2658,-424.000000,-2.400000
2659,-416.000000,-2.400000
2660,-432.000000,-1.600000
2661,-416.000000,-2.400000
2662,-400.000000,-2.400000
2663,-416.000000,-3.200000
2664,-424.000000,0.000000
2665,-456.000000,-1.600000
2666,-432.000000,-2.400000
2667,-424.000000,-2.400000
2668,-408.000000,-2.400000
2669,-360.000000,-1.600000
2670,-376.000000,-2.400000
2671,-384.000000,-1.600000
2672,-392.000000,0.800000
2673,-416.000000,0.000000
2674,-440.000000,-0.800000
2675,-424.000000,-0.800000
2676,-432.000000,1.600000
2677,-416.000000,0.800000
2678,-392.000000,0.800000
2679,-384.000000,1.600000
2680,-376.000000,1.600000
2681,-376.000000,0.800000
2682,-376.000000,4.800000
2683,-392.000000,4.800000
2684,-416.000000,0.800000
2685,-392.000000,1.600000
2686,-416.000000,1.600000
2687,-392.000000,5.600000
2688,-352.000000,4.000000
2689,-360.000000,1.600000
2690,-368.000000,4.000000
2691,-360.000000,2.400000
2692,-384.000000,5.600000
2693,-400.000000,3.200000
2694,-408.000000,5.600000
2695,-416.000000,-5.600000
2696,-408.000000,3.200000
2697,-408.000000,4.800000
2698,-368.000000,5.600000
2699,-360.000000,5.600000
2700,-368.000000,4.800000
2701,-352.000000,4.800000
2702,-352.000000,4.000000
2703,-344.000000,6.400000
2704,-360.000000,5.600000
2705,-392.000000,6.400000
2706,-376.000000,5.600000
2707,-384.000000,6.400000
2708,-320.000000,7.200000
2709,-288.000000,8.000000
2710,-320.000000,8.800000
2711,-312.000000,7.200000
2712,-344.000000,8.800000
2713,-352.000000,-7.200000
2714,-376.000000,6.400000
2715,-376.000000,9.600000
2716,-360.000000,8.800000
2717,-384.000000,8.800000
2718,-352.000000,4.800000
2719,-344.000000,10.400000
2720,-312.000000,9.600000
2721,-312.000000,9.600000
2722,-328.000000,10.400000
2723,-320.000000,4.000000
2724,-352.000000,11.200000
2725,-368.000000,11.200000
2726,-360.000000,11.200000
2727,-320.000000,11.200000
2728,-280.000000,11.200000
2729,-264.000000,12.800000
2730,-264.000000,10.400000
2731,-280.000000,28.799999
2732,-304.000000,12.800000
2733,-320.000000,13.600000
2734,-320.000000,13.600000
2735,-312.000000,11.200000
2736,-320.000000,8.800000
2737,-344.000000,12.800000
2738,-312.000000,12.800000
2739,-296.000000,14.400000
2740,-272.000000,14.400000
2741,-272.000000,18.400000
2742,-256.000000,13.600000
2743,-288.000000,13.600000
2744,-312.000000,13.600000
2745,-312.000000,15.200000
2746,-296.000000,15.200000
2747,-280.000000,16.799999
2748,-256.000000,16.000000
2749,-248.000000,8.800000
2750,-240.000000,16.000000
2751,-272.000000,17.600000
2752,-264.000000,16.000000
2753,-272.000000,16.000000
2754,-288.000000,9.600000
2755,-312.000000,17.600000
2756,-304.000000,15.200000
2757,-280.000000,16.000000
2758,-272.000000,18.400000
2759,-248.000000,15.200000
2760,-248.000000,18.400000
2761,-224.000000,17.600000
2762,-208.000000,18.400000
2763,-224.000000,16.799999
2764,-264.000000,17.600000
2765,-256.000000,17.600000
2766,-264.000000,18.400000
2767,-240.000000,12.800000
2768,-192.000000,19.200001
2769,-168.000000,17.600000
2770,-200.000000,19.200001
2771,-216.000000,20.000000
2772,-208.000000,20.000000
2773,-200.000000,20.799999
2774,-232.000000,18.400000
2775,-248.000000,19.200001
2776,-232.000000,20.799999
2777,-240.000000,21.600000
2778,-184.000000,20.799999
2779,-184.000000,20.799999
2780,-176.000000,19.200001
2781,-176.000000,20.000000
2782,-184.000000,21.600000
2783,-200.000000,20.000000
2784,-208.000000,21.600000
2785,-232.000000,20.000000
2786,-216.000000,20.799999
2787,-192.000000,21.600000
2788,-160.000000,20.799999
2789,-128.000000,22.400000
2790,-152.000000,19.200001
2791,-160.000000,22.400000
2792,-160.000000,21.600000
2793,-160.000000,21.600000
2794,-192.000000,21.600000
2795,-192.000000,21.600000
2796,-184.000000,23.200001
2797,-184.000000,23.200001
2798,-168.000000,8.800000
2799,-120.000000,22.400000
2800,-136.000000,24.799999
2801,-120.000000,22.400000
2802,-128.000000,23.200001
2803,-144.000000,19.200001
2804,-168.000000,24.000000
2805,-176.000000,24.000000
2806,-152.000000,22.400000
2807,-128.000000,24.000000
2808,-136.000000,15.200000
2809,-88.000000,24.799999
2810,-72.000000,24.799999
2811,-96.000000,24.799999
2812,-112.000000,25.600000
2813,-128.000000,27.200001
2814,-144.000000,24.799999
2815,-160.000000,26.400000
2816,-136.000000,28.799999
2817,-112.000000,25.600000
2818,-128.000000,24.799999
2819,-88.000000,26.400000
2820,-80.000000,25.600000
2821,-80.000000,37.599998
2822,-80.000000,25.600000
2823,-104.000000,26.400000
2824,-112.000000,26.400000
2825,-128.000000,25.600000
2826,-120.000000,27.200001
2827,-88.000000,27.200001
2828,-64.000000,27.200001
2829,-56.000000,28.000000
2830,-40.000000,27.200001
2831,-48.000000,28.000000
2832,-64.000000,27.200001
2833,-80.000000,28.000000
2834,-88.000000,28.000000
2835,-104.000000,28.000000
2836,-80.000000,28.799999
2837,-80.000000,27.200001
2838,-64.000000,28.799999
2839,-48.000000,27.200001
2840,-48.000000,28.799999
2841,-16.000000,27.200001
2842,-40.000000,28.000000
2843,-48.000000,28.799999
2844,-72.000000,29.600000
2845,-64.000000,27.200001
2846,-64.000000,30.400000
2847,-32.000000,28.799999
2848,8.000000,28.799999
2849,16.000000,28.000000
2850,0.000000,30.400000
2851,-8.000000,28.000000
2852,-48.000000,32.799999
2853,-32.000000,28.000000
2854,-48.000000,29.600000
2855,-40.000000,28.799999
2856,-40.000000,29.600000
2857,-32.000000,32.000000
2858,8.000000,30.400000
2859,24.000000,28.000000
2860,48.000000,31.200001
2861,40.000000,28.799999
2862,24.000000,31.200001
2863,-8.000000,28.000000
2864,0.000000,31.200001
2865,-16.000000,33.599998
2866,0.000000,29.600000
2867,24.000000,30.400000
2868,56.000000,29.600000
2869,72.000000,29.600000
2870,64.000000,29.600000
2871,48.000000,31.200001
2872,40.000000,29.600000
2873,48.000000,30.400000
2874,16.000000,29.600000
2875,-8.000000,32.799999
2876,8.000000,29.600000
2877,32.000000,31.200001
2878,32.000000,29.600000
2879,72.000000,31.200001
2880,88.000000,29.600000
2881,88.000000,30.400000
2882,80.000000,30.400000
2883,64.000000,62.400002
2884,64.000000,28.799999
2885,48.000000,32.000000
2886,48.000000,30.400000
2887,88.000000,30.400000
2888,120.000000,29.600000
2889,112.000000,31.200001
2890,96.000000,28.799999
2891,112.000000,32.799999
2892,88.000000,29.600000
2893,80.000000,24.799999
2894,64.000000,31.200001
2895,48.000000,32.000000
2896,48.000000,28.799999
2897,88.000000,31.200001
2898,128.000000,30.400000
2899,112.000000,30.400000
2900,136.000000,32.000000
2901,112.000000,30.400000
2902,128.000000,31.200001
2903,128.000000,32.000000
2904,88.000000,31.200001
2905,64.000000,29.600000
2906,96.000000,39.200001
2907,120.000000,30.400000
2908,136.000000,30.400000
2909,136.000000,30.400000
2910,152.000000,32.000000
2911,144.000000,31.200001
2912,128.000000,31.200001
2913,112.000000,28.799999
2914,104.000000,30.400000
2915,96.000000,30.400000
2916,112.000000,32.000000
2917,136.000000,29.600000
2918,152.000000,31.200001
2919,176.000000,24.799999
2920,208.000000,30.400000
2921,176.000000,29.600000
2922,168.000000,30.400000
2923,168.000000,29.600000
2924,136.000000,37.599998
2925,136.000000,31.200001
2926,136.000000,28.799999
2927,192.000000,29.600000
2928,224.000000,31.200001
2929,208.000000,26.400000
2930,216.000000,31.200001
2931,192.000000,31.200001
2932,168.000000,30.400000
2933,160.000000,30.400000
2934,160.000000,31.200001
2935,144.000000,29.600000
2936,144.000000,31.200001
2937,168.000000,28.799999
2938,192.000000,31.200001
2939,200.000000,30.400000
2940,184.000000,31.200001
2941,208.000000,28.799999
2942,184.000000,29.600000
2943,208.000000,31.200001
2944,192.000000,28.799999
2945,168.000000,31.200001
2946,176.000000,30.400000
2947,208.000000,28.799999
2948,256.000000,28.799999
2949,272.000000,31.200001
2950,264.000000,28.000000
2951,256.000000,29.600000
2952,232.000000,28.799999
2953,208.000000,31.200001
2954,184.000000,29.600000
2955,184.000000,34.400002
2956,192.000000,29.600000
2957,200.000000,29.600000
2958,248.000000,29.600000
2959,224.000000,28.000000
2960,248.000000,31.200001
2961,240.000000,31.200001
2962,240.000000,27.200001
2963,232.000000,28.799999
2964,224.000000,29.600000
2965,208.000000,28.799999
2966,224.000000,28.000000
2967,248.000000,29.600000
2968,296.000000,16.799999
2969,280.000000,28.000000
2970,280.000000,29.600000
2971,280.000000,28.000000
2972,248.000000,29.600000
2973,248.000000,28.000000
2974,240.000000,28.799999
2975,240.000000,27.200001
2976,248.000000,28.799999
2977,248.000000,28.000000
2978,256.000000,21.600000
2979,272.000000,27.200001
2980,304.000000,27.200001
2981,288.000000,26.400000
2982,280.000000,28.000000
2983,272.000000,26.400000
2984,248.000000,27.200001
2985,248.000000,28.000000
2986,248.000000,34.400002
2987,288.000000,26.400000
2988,296.000000,28.000000
2989,320.000000,26.400000
2990,288.000000,25.600000
2991,312.000000,36.799999
2992,288.000000,26.400000
2993,272.000000,25.600000
2994,256.000000,27.200001
2995,256.000000,26.400000
2996,280.000000,22.400000
2997,296.000000,24.799999
2998,296.000000,24.799999
2999,312.000000,25.600000
3000,304.000000,25.600000
3001,304.000000,26.400000
3002,296.000000,24.799999
3003,304.000000,26.400000
3004,272.000000,28.000000
3005,288.000000,26.400000
3006,280.000000,24.799999
3007,304.000000,25.600000
3008,352.000000,24.000000
3009,352.000000,26.400000
3010,328.000000,23.200001
3011,312.000000,24.799999
3012,288.000000,24.000000
3013,296.000000,25.600000
3014,296.000000,24.799999
3015,304.000000,24.000000
3016,288.000000,24.000000
3017,312.000000,25.600000
3018,344.000000,22.400000
3019,344.000000,24.799999
3020,344.000000,23.200001
3021,336.000000,23.200001
3022,336.000000,26.400000
3023,320.000000,22.400000
3024,320.000000,22.400000
3025,288.000000,23.200001
3026,304.000000,23.200001
3027,336.000000,26.400000
3028,368.000000,21.600000
3029,400.000000,24.000000
3030,368.000000,24.000000
3031,352.000000,23.200001
3032,336.000000,22.400000
3033,336.000000,21.600000
3034,320.000000,22.400000
3035,304.000000,34.400002
3036,304.000000,23.200001
3037,328.000000,22.400000
3038,336.000000,22.400000
3039,344.000000,20.000000
3040,352.000000,19.200001
3041,352.000000,20.000000
3042,352.000000,22.400000
3043,352.000000,19.200001
3044,320.000000,20.000000
3045,304.000000,19.200001
3046,344.000000,21.600000
3047,368.000000,20.000000
3048,384.000000,20.000000
3049,376.000000,20.000000
3050,376.000000,21.600000
3051,384.000000,20.000000
3052,344.000000,18.400000
3053,328.000000,12.800000
3054,320.000000,19.200001
3055,328.000000,20.000000
3056,320.000000,19.200001
3057,336.000000,18.400000
3058,360.000000,12.800000
3059,368.000000,17.600000
3060,368.000000,18.400000
3061,368.000000,17.600000
3062,368.000000,16.799999
3063,368.000000,18.400000
3064,328.000000,18.400000
3065,328.000000,19.200001
3066,344.000000,16.799999
3067,376.000000,17.600000
3068,392.000000,16.000000
3069,384.000000,17.600000
3070,392.000000,16.000000
3071,384.000000,18.400000
3072,352.000000,16.799999
3073,360.000000,18.400000
3074,336.000000,16.000000
3075,328.000000,16.799999
3076,336.000000,16.000000
3077,344.000000,18.400000
3078,368.000000,14.400000
3079,384.000000,17.600000
3080,400.000000,16.799999
3081,376.000000,16.000000
3082,368.000000,15.200000
3083,368.000000,17.600000
3084,328.000000,43.200001
3085,320.000000,14.400000
3086,352.000000,16.799999
3087,368.000000,16.000000
3088,392.000000,14.400000
3089,408.000000,15.200000
3090,408.000000,16.000000
3091,384.000000,13.600000
3092,360.000000,15.200000
3093,360.000000,14.400000
3094,336.000000,8.000000
3095,344.000000,12.000000
3096,336.000000,13.600000
3097,344.000000,12.800000
3098,384.000000,13.600000
3099,392.000000,12.800000
3100,400.000000,13.600000
3101,400.000000,11.200000
3102,360.000000,28.799999
3103,360.000000,11.200000
3104,352.000000,12.800000
3105,352.000000,10.400000
3106,352.000000,12.800000
3107,328.000000,20.000000
3108,400.000000,12.000000
3109,400.000000,9.600000
3110,400.000000,12.000000
3111,392.000000,12.000000
3112,376.000000,10.400000
3113,360.000000,10.400000
3114,336.000000,11.200000
3115,368.000000,10.400000
3116,320.000000,10.400000
3117,344.000000,10.400000
3118,368.000000,9.600000
3119,408.000000,9.600000
3120,392.000000,8.800000
3121,376.000000,9.600000
3122,368.000000,8.000000
3123,368.000000,9.600000
3124,344.000000,8.000000
3125,336.000000,10.400000
3126,360.000000,8.000000
3127,376.000000,8.800000
3128,408.000000,8.800000
3129,392.000000,10.400000
3130,392.000000,8.800000
3131,376.000000,8.000000
3132,360.000000,7.200000
3133,336.000000,-2.400000
3134,344.000000,6.400000
3135,336.000000,7.200000
3136,336.000000,6.400000
3137,328.000000,5.600000
3138,368.000000,9.600000
3139,384.000000,7.200000
3140,392.000000,3.200000
3141,368.000000,7.200000
3142,376.000000,4.800000
3143,352.000000,-1.600000
3144,320.000000,4.800000
3145,320.000000,5.600000
3146,344.000000,6.400000
3147,336.000000,5.600000
3148,384.000000,4.800000
3149,408.000000,4.000000
3150,384.000000,4.000000
3151,368.000000,6.400000
3152,360.000000,5.600000
3153,336.000000,2.400000
3154,328.000000,4.800000
3155,304.000000,4.000000
3156,312.000000,3.200000
3157,320.000000,3.200000
3158,352.000000,4.000000
3159,368.000000,2.400000
3160,344.000000,4.800000
3161,352.000000,1.600000
3162,344.000000,2.400000
3163,344.000000,2.400000
3164,320.000000,3.200000
3165,336.000000,0.800000
3166,328.000000,1.600000
3167,344.000000,0.800000
3168,360.000000,0.800000
3169,392.000000,3.200000
3170,376.000000,1.600000
3171,352.000000,1.600000
3172,320.000000,0.800000
3173,320.000000,0.800000
3174,304.000000,-1.600000
3175,296.000000,0.800000
3176,312.000000,-0.800000
3177,304.000000,0.000000
3178,336.000000,0.800000
3179,368.000000,-0.800000
3180,352.000000,-0.800000
3181,344.000000,0.000000
3182,328.000000,21.600000
3183,336.000000,-1.600000
3184,304.000000,-2.400000
3185,296.000000,0.000000
3186,304.000000,-2.400000
3187,312.000000,-3.200000
3188,344.000000,-1.600000
3189,352.000000,-0.800000
3190,352.000000,-2.400000
3191,344.000000,-1.600000
3192,320.000000,0.800000
3193,296.000000,-1.600000
3194,296.000000,-2.400000
3195,280.000000,-2.400000
3196,272.000000,-3.200000
3197,280.000000,-2.400000
3198,304.000000,-4.000000
3199,328.000000,-4.000000
3200,320.000000,-2.400000
3201,320.000000,-4.000000
3202,304.000000,-4.000000
3203,296.000000,-4.000000
3204,288.000000,-4.800000
3205,272.000000,-6.400000
3206,272.000000,-4.000000
3207,288.000000,-5.600000
3208,328.000000,-5.600000
3209,336.000000,-4.000000
3210,320.000000,-5.600000
3211,304.000000,-5.600000
3212,288.000000,-3.200000
3213,272.000000,-5.600000
3214,256.000000,-4.800000
3215,240.000000,-4.800000
3216,256.000000,-8.000000
3217,272.000000,-7.200000
3218,296.000000,-7.200000
3219,296.000000,-8.000000
3220,288.000000,-7.200000
3221,280.000000,-8.000000
3222,272.000000,-7.200000
3223,256.000000,-12.000000
3224,248.000000,-9.600000
3225,232.000000,-8.800000
3226,224.000000,-6.400000
3227,264.000000,-8.800000
3228,288.000000,-8.800000
3229,320.000000,-8.800000
3230,288.000000,-8.800000
3231,280.000000,-33.599998
3232,248.000000,-11.200000
3233,256.000000,-8.800000
3234,224.000000,-9.600000
3235,216.000000,-9.600000
3236,208.000000,0.000000
3237,232.000000,-10.400000
3238,256.000000,-11.200000
3239,264.000000,-10.400000
3240,272.000000,-10.400000
3241,256.000000,-12.000000
3242,248.000000,-12.000000
3243,232.000000,-10.400000
3244,208.000000,-12.000000
3245,208.000000,-11.200000
3246,232.000000,-10.400000
3247,256.000000,-8.800000
3248,256.000000,-12.800000
3249,256.000000,-9.600000
3250,256.000000,-12.000000
3251,232.000000,-12.000000
3252,208.000000,-13.600000
3253,208.000000,-12.800000
3254,200.000000,-10.400000
3255,184.000000,-12.800000
3256,184.000000,-11.200000
3257,192.000000,-13.600000
3258,232.000000,-12.800000
3259,224.000000,-14.400000
3260,208.000000,-16.000000
3261,224.000000,-12.800000
3262,184.000000,11.200000
3263,208.000000,-15.200000
3264,176.000000,-14.400000
3265,168.000000,-16.799999
3266,152.000000,-16.000000
3267,200.000000,-19.200001
3268,208.000000,-16.000000
3269,248.000000,-15.200000
3270,216.000000,-15.200000
3271,184.000000,-16.799999
3272,160.000000,-16.000000
3273,184.000000,-15.200000
3274,152.000000,-15.200000
3275,160.000000,-15.200000
3276,160.000000,-15.200000
3277,144.000000,-17.600000
3278,168.000000,-17.600000
3279,184.000000,-16.799999
3280,184.000000,-15.200000
3281,176.000000,-17.600000
3282,176.000000,-17.600000
3283,160.000000,-18.400000
3284,144.000000,-19.200001
3285,152.000000,-22.400000
3286,128.000000,-18.400000
3287,136.000000,-18.400000
3288,168.000000,-18.400000
3289,192.000000,-16.799999
3290,184.000000,-21.600000
3291,152.000000,-19.200001
3292,152.000000,-17.600000
3293,104.000000,-20.000000
3294,128.000000,-19.200001
3295,112.000000,-18.400000
3296,104.000000,-19.200001
3297,104.000000,-22.400000
3298,144.000000,-18.400000
3299,176.000000,-20.799999
3300,160.000000,-20.000000
3301,136.000000,-20.000000
3302,96.000000,-19.200001
3303,136.000000,-24.000000
3304,104.000000,-20.000000
3305,80.000000,-21.600000
3306,104.000000,-21.600000
3307,96.000000,-20.799999
3308,144.000000,-21.600000
3309,128.000000,-20.799999
3310,152.000000,-20.799999
3311,104.000000,-47.200001
3312,96.000000,-22.400000
3313,88.000000,-20.799999
3314,72.000000,-20.799999
3315,56.000000,-22.400000
3316,56.000000,-12.000000
3317,48.000000,-21.600000
3318,72.000000,-21.600000
3319,104.000000,-23.200001
3320,120.000000,-24.000000
3321,88.000000,-22.400000
3322,88.000000,-24.000000
3323,72.000000,-24.000000
3324,56.000000,-24.000000
3325,40.000000,-23.200001
3326,56.000000,-22.400000
3327,56.000000,-24.799999
3328,96.000000,-25.600000
3329,96.000000,-26.400000
3330,80.000000,-25.600000
3331,64.000000,-24.799999
3332,56.000000,-24.000000
3333,16.000000,-24.799999
3334,0.000000,-20.000000
3335,24.000000,-25.600000
3336,0.000000,-24.799999
3337,0.000000,-24.799999
3338,16.000000,-24.799999
3339,48.000000,-26.400000
3340,40.000000,-26.400000
3341,16.000000,-24.000000
3342,48.000000,-30.400000
3343,0.000000,-26.400000
3344,-24.000000,-23.200001
3345,-40.000000,-27.200001
3346,-16.000000,-26.400000
3347,0.000000,-31.200001
3348,8.000000,-26.400000
3349,8.000000,-28.000000
3350,16.000000,-26.400000
3351,16.000000,-26.400000
3352,-16.000000,-34.400002
3353,-16.000000,-26.400000
3354,-48.000000,-28.000000
3355,-56.000000,-26.400000
3356,-48.000000,-26.400000
3357,-48.000000,-24.799999
3358,-32.000000,-28.000000
3359,0.000000,-27.200001
3360,-8.000000,-27.200001
3361,-32.000000,-27.200001
3362,-40.000000,-28.000000
3363,-8.000000,-27.200001
3364,-48.000000,-28.799999
3365,-72.000000,-29.600000
3366,-72.000000,-27.200001
3367,-40.000000,-28.000000
3368,0.000000,-28.000000
3369,-24.000000,-27.200001
3370,-8.000000,-28.000000
3371,-64.000000,-29.600000
3372,-88.000000,-27.200001
3373,-80.000000,-24.799999
3374,-104.000000,-28.000000
3375,-112.000000,-27.200001
3376,-96.000000,-28.799999
3377,-96.000000,-28.799999
3378,-104.000000,-32.799999
3379,-96.000000,-28.000000
3380,-80.000000,-28.000000
3381,-56.000000,-29.600000
3382,-64.000000,-27.200001
3383,-72.000000,-37.599998
3384,-128.000000,-28.799999
3385,-128.000000,-27.200001
3386,-112.000000,-28.000000
3387,-104.000000,-28.000000
3388,-88.000000,-27.200001
3389,-80.000000,-30.400000
3390,-88.000000,-29.600000
3391,-104.000000,-36.000000
3392,-120.000000,-28.799999
3393,-120.000000,-30.400000
3394,-144.000000,-29.600000
3395,-168.000000,-30.400000
3396,-160.000000,-32.799999
3397,-128.000000,-28.799999
3398,-136.000000,-31.200001
3399,-128.000000,-31.200001
3400,-104.000000,-29.600000
3401,-120.000000,-34.400002
3402,-152.000000,-31.200001
3403,-128.000000,-30.400000
3404,-160.000000,-31.200001
3405,-184.000000,-30.400000
3406,-176.000000,-29.600000
3407,-160.000000,-31.200001
3408,-144.000000,-30.400000
3409,-112.000000,-29.600000
3410,-144.000000,-31.200001
3411,-152.000000,-32.000000
3412,-176.000000,-30.400000
3413,-184.000000,-30.400000
3414,-184.000000,-28.000000
3415,-200.000000,-30.400000
3416,-216.000000,-31.200001
3417,-184.000000,-30.400000
3418,-176.000000,-32.000000
3419,-160.000000,-31.200001
3420,-176.000000,-31.200001
3421,-176.000000,-30.400000
3422,-168.000000,-13.600000
3423,-200.000000,-30.400000
3424,-216.000000,-30.400000
3425,-232.000000,-32.000000
3426,-248.000000,-32.000000
3427,-200.000000,-28.000000
3428,-160.000000,-30.400000
3429,-160.000000,-31.200001
3430,-176.000000,-31.200001
3431,-200.000000,-29.600000
3432,-208.000000,-32.000000
3433,-224.000000,-31.200001
3434,-232.000000,-30.400000
3435,-264.000000,-32.000000
3436,-272.000000,-31.200001
3437,-248.000000,-29.600000
3438,-216.000000,-30.400000
3439,-232.000000,-32.000000
3440,-216.000000,-27.200001
3441,-208.000000,-30.400000
3442,-256.000000,-31.200001
3443,-248.000000,-31.200001
3444,-256.000000,-32.000000
3445,-256.000000,-29.600000
3446,-264.000000,-32.000000
3447,-240.000000,-31.200001
3448,-240.000000,-30.400000
3449,-208.000000,-30.400000
3450,-224.000000,-32.000000
3451,-224.000000,-30.400000
3452,-248.000000,-31.200001
3453,-264.000000,-25.600000
3454,-288.000000,-31.200001
3455,-288.000000,-29.600000
3456,-288.000000,-30.400000
3457,-296.000000,-32.000000
3458,-272.000000,-36.799999
3459,-264.000000,-29.600000
3460,-256.000000,-32.000000
3461,-280.000000,-30.400000
3462,-272.000000,-29.600000
3463,-272.000000,-32.000000
3464,-312.000000,-31.200001
3465,-320.000000,-29.600000
3466,-304.000000,-30.400000
3467,-304.000000,-32.000000
3468,-288.000000,-30.400000
3469,-264.000000,-30.400000
3470,-256.000000,-30.400000
3471,-296.000000,-31.200001
3472,-304.000000,-29.600000
3473,-328.000000,-30.400000
3474,-328.000000,-31.200001
3475,-336.000000,-28.799999
3476,-336.000000,-35.200001
3477,-344.000000,-31.200001
3478,-312.000000,-30.400000
3479,-280.000000,-30.400000
3480,-304.000000,-32.000000
3481,-296.000000,-29.600000
3482,-304.000000,-30.400000
3483,-304.000000,-30.400000
3484,-336.000000,-37.599998
3485,-360.000000,-30.400000
3486,-352.000000,-28.799999
3487,-312.000000,-28.799999
3488,-296.000000,-29.600000
3489,-288.000000,-33.599998
3490,-272.000000,-28.799999
3491,-304.000000,-29.600000
3492,-328.000000,-30.400000
3493,-344.000000,-30.400000
3494,-376.000000,-28.000000
3495,-392.000000,-28.000000
3496,-400.000000,-29.600000
3497,-360.000000,-37.599998
3498,-344.000000,-30.400000
3499,-344.000000,-28.000000
3500,-336.000000,-28.000000
3501,-352.000000,-27.200001
3502,-352.000000,-26.400000
3503,-368.000000,-27.200001
3504,-376.000000,-30.400000
3505,-384.000000,-28.799999
3506,-392.000000,-30.400000
3507,-368.000000,-24.799999
3508,-328.000000,-28.799999
3509,-320.000000,-28.000000
3510,-352.000000,-29.600000
3511,-376.000000,-28.000000
3512,-384.000000,-28.000000
3513,-400.000000,-27.200001
3514,-408.000000,-28.000000
3515,-400.000000,-26.400000
3516,-416.000000,-28.799999
3517,-400.000000,-28.000000
3518,-368.000000,-28.799999
3519,-376.000000,-28.000000
3520,-392.000000,-28.000000
3521,-384.000000,-24.799999
3522,-392.000000,-26.400000
3523,-408.000000,-27.200001
3524,-400.000000,-26.400000
3525,-408.000000,-28.000000
3526,-392.000000,-26.400000
3527,-400.000000,-25.600000
3528,-392.000000,-4.800000
3529,-368.000000,-26.400000
3530,-368.000000,-25.600000
3531,-384.000000,-26.400000
3532,-400.000000,-28.000000
3533,-432.000000,-29.600000
3534,-416.000000,-24.799999
3535,-416.000000,-26.400000
3536,-440.000000,-25.600000
3537,-432.000000,-24.799999
3538,-416.000000,-24.799999
3539,-400.000000,-25.600000
3540,-408.000000,-25.600000
3541,-384.000000,-23.200001
3542,-400.000000,-25.600000
3543,-400.000000,-24.000000
3544,-424.000000,-25.600000
3545,-440.000000,-25.600000
3546,-432.000000,-20.799999
3547,-432.000000,-24.799999
3548,-424.000000,-24.000000
3549,-384.000000,-24.000000
3550,-376.000000,-24.000000
3551,-408.000000,-24.799999
3552,-416.000000,-24.000000
3553,-432.000000,-23.200001
3554,-472.000000,-21.600000
3555,-464.000000,-22.400000
3556,-472.000000,-23.200001
3557,-448.000000,-23.200001
3558,-440.000000,-22.400000
3559,-416.000000,-14.400000
3560,-416.000000,-22.400000
3561,-424.000000,-23.200001
3562,-408.000000,-21.600000
3563,-408.000000,-22.400000
3564,-456.000000,-27.200001
3565,-464.000000,-20.799999
3566,-472.000000,-23.200001
3567,-440.000000,-22.400000
3568,-408.000000,-21.600000
3569,-408.000000,-20.000000
3570,-384.000000,-20.799999
3571,-424.000000,-20.000000
3572,-440.000000,-20.000000
3573,-456.000000,-22.400000
3574,-464.000000,-19.200001
3575,-464.000000,-20.000000
3576,-464.000000,-19.200001
3577,-464.000000,-23.200001
3578,-440.000000,-20.000000
3579,-448.000000,-20.000000
3580,-432.000000,-19.200001
3581,-440.000000,-19.200001
3582,-448.000000,-12.800000
3583,-432.000000,-18.400000
3584,-456.000000,-18.400000
3585,-472.000000,-17.600000
3586,-456.000000,-17.600000
3587,-448.000000,-18.400000
3588,-408.000000,-18.400000
3589,-416.000000,-17.600000
3590,-392.000000,-22.400000
3591,-448.000000,-17.600000
3592,-456.000000,-16.799999
3593,-440.000000,-16.000000
3594,-472.000000,-17.600000
3595,-488.000000,-16.799999
3596,-472.000000,-16.000000
3597,-488.000000,-16.000000
3598,-456.000000,-17.600000
3599,-456.000000,-16.799999
3600,-456.000000,-16.799999
3601,-432.000000,-16.000000
3602,-432.000000,-16.000000
3603,-424.000000,-4.000000
3604,-472.000000,-15.200000
3605,-472.000000,-12.800000
3606,-472.000000,-13.600000
3607,-456.000000,-14.400000
3608,-432.000000,-20.000000
3609,-408.000000,-12.800000
3610,-424.000000,-13.600000
3611,-456.000000,-14.400000
3612,-464.000000,-12.800000
3613,-472.000000,-15.200000
3614,-472.000000,-11.200000
3615,-496.000000,-12.800000
3616,-472.000000,-10.400000
3617,-488.000000,-12.000000
3618,-448.000000,-12.800000
3619,-440.000000,-12.000000
3620,-440.000000,-12.000000
3621,-440.000000,-12.800000
3622,-432.000000,-10.400000
3623,-432.000000,-12.000000
3624,-472.000000,-11.200000
3625,-488.000000,-10.400000
3626,-464.000000,-7.200000
3627,-448.000000,-11.200000
3628,-416.000000,-12.800000
3629,-408.000000,-10.400000
3630,-440.000000,-10.400000
3631,-440.000000,-8.800000
3632,-464.000000,-8.800000
3633,-432.000000,-8.800000
3634,-472.000000,-12.000000
3635,-456.000000,-8.000000
3636,-464.000000,-9.600000
3637,-448.000000,-8.000000
3638,-424.000000,-7.200000
3639,-416.000000,-4.800000
3640,-400.000000,-8.800000
3641,-424.000000,-8.800000
3642,-424.000000,-7.200000
3643,-416.000000,-6.400000
3644,-448.000000,-6.400000
3645,-448.000000,-6.400000
3646,-448.000000,-6.400000
3647,-440.000000,-1.600000
3648,-384.000000,-5.600000
3649,-376.000000,-5.600000
3650,-392.000000,-5.600000
3651,-408.000000,-6.400000
3652,-416.000000,-5.600000
3653,-448.000000,-3.200000
3654,-448.000000,-4.800000
3655,-440.000000,-4.800000
3656,-456.000000,-3.200000
3657,-440.000000,-3.200000
3658,-424.000000,-4.800000
3659,-416.000000,-3.200000
3660,-400.000000,27.200001
3661,-416.000000,-2.400000
3662,-384.000000,-2.400000
3663,-408.000000,-1.600000
3664,-424.000000,-3.200000
3665,-448.000000,-7.200000
3666,-440.000000,-1.600000
3667,-408.000000,-3.200000
3668,-392.000000,-2.400000
3669,-376.000000,-0.800000
3670,-392.000000,-4.800000
3671,-384.000000,0.000000
3672,-416.000000,0.000000
3673,-440.000000,-0.800000
3674,-456.000000,-0.800000
3675,-432.000000,2.400000
3676,-432.000000,0.800000
3677,-432.000000,0.800000
3678,-408.000000,0.000000
3679,-376.000000,0.800000
3680,-376.000000,1.600000
3681,-376.000000,1.600000
3682,-368.000000,2.400000
3683,-368.000000,1.600000
3684,-400.000000,0.800000
3685,-416.000000,3.200000
3686,-400.000000,1.600000
3687,-408.000000,2.400000
3688,-368.000000,2.400000
3689,-368.000000,2.400000
3690,-360.000000,3.200000
3691,-368.000000,4.000000
3692,-376.000000,2.400000
3693,-392.000000,4.000000
3694,-408.000000,4.800000
3695,-408.000000,5.600000
3696,-392.000000,8.800000
3697,-408.000000,5.600000
3698,-376.000000,6.400000
3699,-360.000000,4.800000
3700,-344.000000,4.800000
3701,-360.000000,4.800000
3702,-376.000000,7.200000
3703,-384.000000,5.600000
3704,-384.000000,-18.400000
3705,-376.000000,5.600000
3706,-368.000000,8.800000
3707,-368.000000,6.400000
3708,-328.000000,5.600000
3709,-288.000000,5.600000
3710,-336.000000,8.000000
3711,-352.000000,8.000000
3712,-360.000000,8.000000
3713,-352.000000,8.800000
3714,-368.000000,8.800000
3715,-376.000000,8.000000
3716,-360.000000,11.200000
3717,-368.000000,6.400000
3718,-360.000000,8.800000
3719,-352.000000,10.400000
3720,-328.000000,9.600000
3721,-320.000000,9.600000
3722,-296.000000,11.200000
3723,-312.000000,10.400000
3724,-344.000000,9.600000
3725,-352.000000,11.200000
3726,-352.000000,11.200000
3727,-320.000000,6.400000
3728,-304.000000,10.400000
3729,-296.000000,11.200000
3730,-288.000000,12.000000
3731,-280.000000,12.000000
3732,-304.000000,12.000000
3733,-320.000000,12.000000
3734,-336.000000,11.200000
3735,-344.000000,12.800000
3736,-368.000000,12.800000
3737,-320.000000,12.000000
3738,-280.000000,13.600000
3739,-280.000000,12.800000
3740,-256.000000,16.799999
3741,-264.000000,14.400000
3742,-264.000000,14.400000
3743,-312.000000,13.600000
3744,-296.000000,14.400000
3745,-280.000000,15.200000
3746,-280.000000,14.400000
3747,-264.000000,13.600000
3748,-232.000000,13.600000
3749,-224.000000,16.000000
3750,-240.000000,15.200000
3751,-264.000000,16.000000
3752,-264.000000,16.799999
3753,-272.000000,15.200000
3754,-296.000000,15.200000
3755,-304.000000,15.200000
3756,-296.000000,16.799999
3757,-272.000000,17.600000
3758,-264.000000,16.799999
3759,-256.000000,16.000000
3760,-240.000000,18.400000
3761,-232.000000,16.799999
3762,-216.000000,17.600000
3763,-248.000000,18.400000
3764,-264.000000,18.400000
3765,-248.000000,17.600000
3766,-264.000000,16.000000
3767,-248.000000,17.600000
3768,-208.000000,19.200001
3769,-208.000000,18.400000
3770,-192.000000,20.000000
3771,-200.000000,20.000000
3772,-232.000000,19.200001
3773,-256.000000,20.799999
3774,-240.000000,12.800000
3775,-240.000000,20.799999
3776,-248.000000,20.799999
3777,-232.000000,20.000000
3778,-216.000000,19.200001
3779,-208.000000,24.000000
3780,-208.000000,20.000000
3781,-192.000000,20.000000
3782,-184.000000,20.799999
3783,-192.000000,22.400000
3784,-208.000000,20.799999
3785,-224.000000,20.799999
3786,-192.000000,21.600000
3787,-192.000000,23.200001
3788,-168.000000,20.799999
3789,-152.000000,22.400000
3790,-168.000000,23.200001
3791,-160.000000,21.600000
3792,-176.000000,25.600000
3793,-200.000000,22.400000
3794,-208.000000,20.799999
3795,-200.000000,22.400000
3796,-184.000000,24.000000
3797,-192.000000,25.600000
3798,-152.000000,22.400000
3799,-128.000000,23.200001
3800,-144.000000,23.200001
3801,-136.000000,24.799999
3802,-152.000000,24.000000
3803,-136.000000,24.000000
3804,-144.000000,23.200001
3805,-152.000000,24.799999
3806,-168.000000,23.200001
3807,-168.000000,24.000000
3808,-128.000000,24.799999
3809,-120.000000,24.000000
3810,-104.000000,21.600000
3811,-112.000000,24.000000
3812,-128.000000,23.200001
3813,-120.000000,24.799999
3814,-152.000000,25.600000
3815,-144.000000,24.799999
3816,-120.000000,24.799999
3817,-144.000000,26.400000
3818,-128.000000,21.600000
3819,-88.000000,25.600000
3820,-80.000000,26.400000
3821,-96.000000,27.200001
3822,-96.000000,25.600000
3823,-88.000000,28.799999
3824,-112.000000,25.600000
3825,-104.000000,25.600000
3826,-96.000000,28.000000
3827,-72.000000,27.200001
3828,-64.000000,27.200001
3829,-32.000000,27.200001
3830,-64.000000,28.799999
3831,-64.000000,32.799999
3832,-80.000000,27.200001
3833,-80.000000,28.000000
3834,-88.000000,28.000000
3835,-96.000000,28.000000
3836,-96.000000,27.200001
3837,-72.000000,28.000000
3838,-24.000000,25.600000
3839,-24.000000,27.200001
3840,-24.000000,28.000000
3841,-48.000000,26.400000
3842,-48.000000,29.600000
3843,-32.000000,28.000000
3844,-56.000000,24.000000
3845,-56.000000,28.000000
3846,-64.000000,29.600000
3847,-16.000000,28.799999
3848,8.000000,28.799999
3849,-8.000000,30.400000
3850,24.000000,28.799999
3851,-24.000000,26.400000
3852,-8.000000,29.600000
3853,-32.000000,29.600000
3854,-48.000000,25.600000
3855,-56.000000,29.600000
3856,-40.000000,28.799999
3857,-8.000000,29.600000
3858,-8.000000,28.000000
3859,32.000000,30.400000
3860,32.000000,29.600000
3861,32.000000,29.600000
3862,8.000000,31.200001
3863,24.000000,31.200001
3864,-16.000000,28.000000
3865,-24.000000,28.799999
3866,0.000000,29.600000
3867,32.000000,27.200001
3868,80.000000,28.799999
3869,72.000000,29.600000
3870,64.000000,28.799999
3871,48.000000,28.799999
3872,24.000000,29.600000
3873,40.000000,31.200001
3874,16.000000,29.600000
3875,-8.000000,32.000000
3876,0.000000,29.600000
3877,16.000000,30.400000
3878,64.000000,30.400000
3879,56.000000,29.600000
3880,72.000000,23.200001
3881,88.000000,30.400000
3882,72.000000,30.400000
3883,72.000000,29.600000
3884,32.000000,30.400000
3885,32.000000,31.200001
3886,40.000000,30.400000
3887,72.000000,32.000000
3888,120.000000,27.200001
3889,128.000000,32.000000
3890,120.000000,29.600000
3891,88.000000,31.200001
3892,88.000000,32.000000
3893,80.000000,33.599998
3894,48.000000,32.000000
3895,64.000000,31.200001
3896,80.000000,30.400000
3897,80.000000,32.000000
3898,96.000000,31.200001
3899,128.000000,30.400000
3900,128.000000,31.200001
3901,112.000000,36.799999
3902,144.000000,28.799999
3903,120.000000,32.000000
3904,88.000000,32.000000
3905,80.000000,30.400000
3906,120.000000,29.600000
3907,120.000000,30.400000
3908,144.000000,29.600000
3909,168.000000,30.400000
3910,168.000000,31.200001
3911,136.000000,30.400000
3912,136.000000,31.200001
3913,128.000000,31.200001
3914,128.000000,25.600000
3915,96.000000,30.400000
3916,120.000000,29.600000
3917,136.000000,30.400000
3918,144.000000,29.600000
3919,160.000000,42.400002
3920,176.000000,31.200001
3921,168.000000,31.200001
3922,152.000000,30.400000
3923,160.000000,31.200001
3924,136.000000,27.200001
3925,120.000000,30.400000
3926,128.000000,32.000000
3927,176.000000,32.000000
3928,168.000000,30.400000
3929,216.000000,32.000000
3930,216.000000,31.200001
3931,216.000000,31.200001
3932,192.000000,24.000000
3933,176.000000,30.400000
3934,176.000000,28.799999
3935,152.000000,28.799999
3936,144.000000,29.600000
3937,176.000000,27.200001
3938,184.000000,31.200001
3939,184.000000,31.200001
3940,192.000000,30.400000
3941,216.000000,30.400000
3942,200.000000,31.200001
3943,208.000000,29.600000
3944,192.000000,29.600000
3945,176.000000,29.600000
3946,200.000000,32.000000
3947,232.000000,29.600000
3948,264.000000,29.600000
3949,264.000000,28.000000
3950,248.000000,24.000000
3951,232.000000,28.799999
3952,216.000000,29.600000
3953,216.000000,30.400000
3954,208.000000,29.600000
3955,192.000000,29.600000
3956,208.000000,30.400000
3957,216.000000,28.799999
3958,248.000000,26.400000
3959,240.000000,28.799999
3960,272.000000,29.600000
3961,248.000000,28.799999
3962,240.000000,28.799999
3963,232.000000,26.400000
3964,216.000000,29.600000
3965,216.000000,27.200001
3966,224.000000,28.799999
3967,248.000000,29.600000
3968,288.000000,27.200001
3969,288.000000,27.200001
3970,288.000000,28.799999
3971,288.000000,32.799999
3972,272.000000,26.400000
3973,232.000000,28.799999
3974,224.000000,28.000000
3975,248.000000,28.799999
3976,248.000000,27.200001
3977,248.000000,28.000000
3978,248.000000,27.200001
3979,264.000000,27.200001
3980,272.000000,28.799999
3981,304.000000,28.000000
3982,296.000000,27.200001
3983,288.000000,28.799999
3984,264.000000,48.799999
3985,248.000000,27.200001
3986,256.000000,27.200001
3987,280.000000,27.200001
3988,328.000000,25.600000
3989,336.000000,20.799999
3990,328.000000,27.200001
3991,312.000000,26.400000
3992,312.000000,27.200001
3993,280.000000,27.200001
3994,248.000000,28.000000
3995,264.000000,26.400000
3996,280.000000,25.600000
3997,272.000000,25.600000
3998,296.000000,25.600000
3999,344.000000,26.400000
4000,320.000000,25.600000
4001,336.000000,26.400000
4002,304.000000,28.000000
4003,304.000000,27.200001
4004,288.000000,24.000000
4005,280.000000,24.799999
4006,288.000000,25.600000
4007,304.000000,30.400000
4008,352.000000,24.799999
4009,368.000000,24.799999
4010,352.000000,24.799999
4011,352.000000,25.600000
4012,296.000000,24.799999
4013,312.000000,24.799999
4014,280.000000,23.200001
4015,288.000000,28.000000
4016,288.000000,25.600000
4017,320.000000,24.799999
4018,312.000000,24.000000
4019,328.000000,24.000000
4020,344.000000,26.400000
4021,344.000000,22.400000
4022,352.000000,24.799999
4023,336.000000,22.400000
4024,312.000000,23.200001
4025,312.000000,25.600000
4026,320.000000,23.200001
4027,328.000000,22.400000
4028,352.000000,25.600000
4029,392.000000,24.000000
4030,392.000000,22.400000
4031,360.000000,23.200001
4032,344.000000,20.799999
4033,320.000000,25.600000
4034,312.000000,22.400000
4035,304.000000,22.400000
4036,304.000000,23.200001
4037,336.000000,21.600000
4038,344.000000,22.400000
4039,344.000000,20.799999
4040,360.000000,22.400000
4041,344.000000,31.200001
4042,368.000000,21.600000
4043,328.000000,19.200001
4044,328.000000,20.799999
4045,320.000000,19.200001
4046,328.000000,20.000000
4047,336.000000,20.000000
4048,392.000000,20.000000
4049,368.000000,20.000000
4050,368.000000,20.799999
4051,368.000000,20.799999
4052,352.000000,20.799999
4053,336.000000,20.000000
4054,328.000000,45.599998
4055,344.000000,19.200001
4056,336.000000,18.400000
4057,360.000000,20.000000
4058,368.000000,17.600000
4059,376.000000,12.800000
4060,376.000000,19.200001
4061,384.000000,17.600000
4062,376.000000,16.000000
4063,352.000000,18.400000
4064,344.000000,15.200000
4065,336.000000,19.200001
4066,336.000000,19.200001
4067,384.000000,17.600000
4068,384.000000,16.799999
4069,400.000000,19.200001
4070,376.000000,17.600000
4071,368.000000,16.799999
4072,368.000000,16.799999
4073,376.000000,16.000000
4074,344.000000,16.000000
4075,344.000000,17.600000
4076,328.000000,16.799999
4077,344.000000,12.000000
4078,368.000000,16.000000
4079,392.000000,14.400000
4080,392.000000,16.000000
4081,368.000000,16.000000
4082,368.000000,18.400000
4083,360.000000,16.000000
4084,336.000000,15.200000
4085,328.000000,10.400000
4086,344.000000,15.200000
4087,384.000000,15.200000
4088,384.000000,15.200000
4089,432.000000,13.600000
4090,424.000000,14.400000
4091,416.000000,14.400000
4092,368.000000,14.400000
4093,352.000000,13.600000
4094,336.000000,14.400000
4095,336.000000,13.600000
4096,344.000000,12.800000
4097,368.000000,13.600000
4098,368.000000,19.200001
4099,376.000000,12.000000
4100,384.000000,11.200000
4101,384.000000,12.800000
4102,400.000000,12.000000
4103,376.000000,8.800000
4104,352.000000,12.800000
4105,344.000000,11.200000
4106,344.000000,12.800000
4107,376.000000,12.000000
4108,400.000000,12.000000
4109,400.000000,10.400000
4110,384.000000,12.000000
4111,384.000000,7.200000
4112,384.000000,11.200000
4113,352.000000,12.000000
4114,344.000000,10.400000
4115,344.000000,10.400000
4116,352.000000,4.800000
4117,344.000000,8.800000
4118,368.000000,9.600000
4119,384.000000,10.400000
4120,400.000000,10.400000
4121,384.000000,7.200000
4122,368.000000,8.000000
4123,368.000000,9.600000
4124,352.000000,7.200000
4125,320.000000,8.000000
4126,344.000000,10.400000
4127,368.000000,8.000000
4128,400.000000,8.000000
4129,424.000000,7.200000
4130,416.000000,8.800000
4131,400.000000,6.400000
4132,384.000000,6.400000
4133,368.000000,8.000000
4134,344.000000,-0.800000
4135,328.000000,7.200000
4136,336.000000,8.800000
4137,352.000000,8.000000
4138,392.000000,6.400000
4139,376.000000,7.200000
4140,360.000000,6.400000
4141,376.000000,6.400000
4142,360.000000,6.400000
4143,344.000000,6.400000
4144,328.000000,4.800000
4145,320.000000,4.000000
4146,344.000000,5.600000
4147,360.000000,7.200000
4148,384.000000,4.000000
4149,400.000000,4.800000
4150,392.000000,6.400000
4151,368.000000,5.600000
4152,360.000000,3.200000
4153,336.000000,3.200000
4154,320.000000,3.200000
4155,328.000000,18.400000
4156,328.000000,4.000000
4157,336.000000,4.000000
4158,352.000000,2.400000
4159,376.000000,2.400000
4160,352.000000,-2.400000
4161,360.000000,2.400000
4162,352.000000,1.600000
4163,344.000000,1.600000
4164,328.000000,4.000000
4165,312.000000,3.200000
4166,296.000000,1.600000
4167,328.000000,1.600000
4168,352.000000,-8.000000
4169,368.000000,0.000000
4170,368.000000,2.400000
4171,352.000000,2.400000
4172,328.000000,0.800000
4173,312.000000,6.400000
4174,288.000000,1.600000
4175,296.000000,0.000000
4176,320.000000,-0.800000
4177,320.000000,0.800000
4178,336.000000,-2.400000
4179,344.000000,-0.800000
4180,328.000000,0.000000
4181,328.000000,-0.800000
4182,336.000000,0.000000
4183,312.000000,-0.800000
4184,320.000000,0.000000
4185,288.000000,-2.400000
4186,296.000000,-1.600000
4187,336.000000,-1.600000
4188,352.000000,-2.400000
4189,376.000000,-1.600000
4190,352.000000,-1.600000
4191,352.000000,-9.600000
4192,304.000000,-2.400000
4193,296.000000,-1.600000
4194,288.000000,-3.200000
4195,272.000000,-3.200000
4196,288.000000,-4.000000
4197,312.000000,-3.200000
4198,296.000000,-4.800000
4199,312.000000,-4.800000
4200,320.000000,-4.000000
4201,304.000000,-5.600000
4202,304.000000,-3.200000
4203,296.000000,-3.200000
4204,288.000000,-8.800000
4205,280.000000,-2.400000
4206,296.000000,-5.600000
4207,304.000000,-5.600000
4208,320.000000,-4.800000
4209,328.000000,-4.000000
4210,328.000000,-6.400000
4211,296.000000,-7.200000
4212,272.000000,-12.800000
4213,280.000000,-6.400000
4214,264.000000,-8.000000
4215,248.000000,-6.400000
4216,248.000000,-6.400000
4217,264.000000,-8.000000
4218,264.000000,-7.200000
4219,264.000000,-8.000000
4220,280.000000,-7.200000
4221,288.000000,-6.400000
4222,280.000000,-8.000000
4223,264.000000,-9.600000
4224,256.000000,-7.200000
4225,248.000000,-28.000000
4226,240.000000,-8.000000
4227,280.000000,-5.600000
4228,288.000000,-8.800000
4229,288.000000,-9.600000
4230,304.000000,-13.600000
4231,272.000000,-8.800000
4232,256.000000,-9.600000
4233,248.000000,-10.400000
4234,232.000000,-9.600000
4235,232.000000,-8.000000
4236,216.000000,-11.200000
4237,240.000000,-9.600000
4238,248.000000,-8.800000
4239,288.000000,-12.000000
4240,272.000000,-10.400000
4241,248.000000,-10.400000
4242,280.000000,-12.000000
4243,248.000000,-16.799999
4244,208.000000,-12.000000
4245,192.000000,-12.000000
4246,192.000000,-11.200000
4247,232.000000,-12.000000
4248,272.000000,-13.600000
4249,272.000000,-12.000000
4250,256.000000,-12.800000
4251,256.000000,-12.800000
4252,224.000000,-13.600000
4253,216.000000,-12.000000
4254,192.000000,-12.800000
4255,192.000000,-13.600000
4256,192.000000,-15.200000
4257,208.000000,-12.800000
4258,200.000000,-16.000000
4259,224.000000,-15.200000
4260,216.000000,-14.400000
4261,232.000000,-11.200000
4262,224.000000,-13.600000
4263,216.000000,-15.200000
4264,168.000000,-15.200000
4265,176.000000,-14.400000
4266,192.000000,-14.400000
4267,208.000000,-14.400000
4268,216.000000,-15.200000
4269,240.000000,-16.799999
4270,224.000000,-15.200000
4271,200.000000,-16.799999
4272,184.000000,-15.200000
4273,168.000000,-16.799999
4274,136.000000,-14.400000
4275,144.000000,-16.000000
4276,152.000000,-16.799999
4277,152.000000,-17.600000
4278,152.000000,-18.400000
4279,184.000000,-16.799999
4280,184.000000,-17.600000
4281,184.000000,-17.600000
4282,184.000000,-14.400000
4283,168.000000,-17.600000
4284,136.000000,-18.400000
4285,136.000000,-16.799999
4286,136.000000,-18.400000
4287,120.000000,-17.600000
4288,168.000000,-19.200001
4289,184.000000,-18.400000
4290,200.000000,-17.600000
4291,168.000000,-17.600000
4292,136.000000,-19.200001
4293,120.000000,-18.400000
4294,104.000000,-19.200001
4295,112.000000,-4.000000
4296,120.000000,-19.200001
4297,104.000000,-21.600000
4298,112.000000,-19.200001
4299,136.000000,-20.799999
4300,144.000000,-27.200001
4301,128.000000,-20.799999
4302,128.000000,-21.600000
4303,128.000000,-20.799999
4304,88.000000,-20.000000
4305,80.000000,-19.200001
4306,72.000000,-23.200001
4307,88.000000,-19.200001
4308,96.000000,-27.200001
4309,136.000000,-21.600000
4310,144.000000,-21.600000
4311,128.000000,-20.799999
4312,104.000000,-22.400000
4313,72.000000,-21.600000
4314,56.000000,-20.799999
4315,48.000000,-23.200001
4316,40.000000,-22.400000
4317,48.000000,-23.200001
4318,64.000000,-24.000000
4319,56.000000,-23.200001
4320,88.000000,-22.400000
4321,72.000000,-23.200001
4322,48.000000,-24.799999
4323,40.000000,-22.400000
4324,64.000000,-23.200001
4325,16.000000,-25.600000
4326,24.000000,-23.200001
4327,56.000000,-23.200001
4328,80.000000,-26.400000
4329,88.000000,-24.000000
4330,96.000000,-24.000000
4331,64.000000,-25.600000
4332,48.000000,-24.000000
4333,24.000000,-20.799999
4334,8.000000,-25.600000
4335,-16.000000,-24.000000
4336,-24.000000,-24.000000
4337,-8.000000,-24.799999
4338,16.000000,-25.600000
4339,40.000000,-24.000000
4340,24.000000,-26.400000
4341,32.000000,-26.400000
4342,16.000000,-25.600000
4343,8.000000,-24.799999
4344,0.000000,-31.200001
4345,-16.000000,-24.799999
4346,-16.000000,-25.600000
4347,-8.000000,-26.400000
4348,40.000000,-25.600000
4349,40.000000,-25.600000
4350,16.000000,-26.400000
4351,16.000000,-25.600000
4352,-8.000000,-32.000000
4353,-48.000000,-28.000000
4354,-48.000000,-26.400000
4355,-48.000000,-26.400000
4356,-88.000000,-26.400000
4357,-56.000000,-25.600000
4358,-16.000000,-26.400000
4359,-32.000000,-28.000000
4360,-32.000000,-28.000000
4361,-16.000000,-27.200001
4362,-24.000000,-26.400000
4363,-40.000000,-28.000000
4364,-56.000000,-26.400000
4365,-64.000000,-28.000000
4366,-72.000000,-27.200001
4367,-48.000000,-28.000000
4368,-56.000000,-28.000000
4369,-48.000000,-28.799999
4370,-32.000000,-24.000000
4371,-32.000000,-29.600000
4372,-56.000000,-28.799999
4373,-64.000000,-28.000000
4374,-96.000000,-28.000000
4375,-112.000000,-29.600000
4376,-104.000000,-27.200001
4377,-96.000000,-28.799999
4378,-96.000000,-16.799999
4379,-64.000000,-30.400000
4380,-80.000000,-28.000000
4381,-40.000000,-30.400000
4382,-88.000000,-29.600000
4383,-104.000000,-34.400002
4384,-120.000000,-28.000000
4385,-128.000000,-28.799999
4386,-128.000000,-30.400000
4387,-112.000000,-30.400000
4388,-80.000000,-27.200001
4389,-72.000000,-30.400000
4390,-72.000000,-28.799999
4391,-96.000000,-14.400000
4392,-112.000000,-30.400000
4393,-136.000000,-29.600000
4394,-144.000000,-28.799999
4395,-168.000000,-29.600000
4396,-168.000000,-21.600000
4397,-144.000000,-29.600000
4398,-144.000000,-31.200001
4399,-128.000000,-30.400000
4400,-128.000000,-30.400000
4401,-128.000000,-31.200001
4402,-136.000000,-28.799999
4403,-160.000000,-30.400000
4404,-160.000000,-28.799999
4405,-192.000000,-29.600000
4406,-200.000000,-29.600000
4407,-160.000000,-29.600000
4408,-144.000000,-30.400000
4409,-96.000000,-29.600000
4410,-136.000000,-30.400000
4411,-168.000000,-31.200001
4412,-168.000000,-30.400000
4413,-192.000000,-30.400000
4414,-192.000000,-24.799999
4415,-192.000000,-30.400000
4416,-216.000000,-30.400000
4417,-192.000000,-30.400000
4418,-184.000000,-31.200001
4419,-176.000000,-30.400000
4420,-184.000000,-31.200001
4421,-160.000000,-32.000000
4422,-176.000000,-35.200001
4423,-184.000000,-30.400000
4424,-200.000000,-30.400000
4425,-224.000000,-32.000000
4426,-240.000000,-32.799999
4427,-208.000000,-32.000000
4428,-160.000000,-32.000000
4429,-176.000000,-32.000000
4430,-168.000000,-32.000000
4431,-216.000000,-32.000000
4432,-216.000000,-31.200001
4433,-216.000000,-30.400000
4434,-248.000000,-32.000000
4435,-272.000000,-39.200001
4436,-264.000000,-31.200001
4437,-264.000000,-32.000000
4438,-248.000000,-32.000000
4439,-224.000000,-31.200001
4440,-240.000000,-30.400000
4441,-208.000000,-30.400000
4442,-232.000000,-31.200001
4443,-224.000000,-32.000000
4444,-248.000000,-30.400000
4445,-264.000000,-30.400000
4446,-272.000000,-31.200001
4447,-264.000000,-31.200001
4448,-232.000000,-24.799999
4449,-216.000000,-32.000000
4450,-224.000000,-30.400000
4451,-232.000000,-31.200001
4452,-288.000000,-32.000000
4453,-288.000000,-23.200001
4454,-288.000000,-31.200001
4455,-312.000000,-31.200001
4456,-320.000000,-32.799999
4457,-304.000000,-28.799999
4458,-288.000000,-30.400000
4459,-272.000000,-32.000000
4460,-248.000000,-30.400000
4461,-248.000000,-32.000000
4462,-272.000000,-32.799999
4463,-288.000000,-30.400000
4464,-304.000000,-30.400000
4465,-328.000000,-32.000000
4466,-312.000000,-33.599998
4467,-312.000000,-29.600000
4468,-272.000000,-32.000000
4469,-280.000000,-32.000000
4470,-280.000000,-29.600000
4471,-280.000000,-25.600000
4472,-312.000000,-28.799999
4473,-312.000000,-31.200001
4474,-336.000000,-31.200001
4475,-344.000000,-31.200001
4476,-360.000000,-30.400000
4477,-336.000000,-31.200001
4478,-344.000000,-30.400000
4479,-352.000000,-31.200001
4480,-288.000000,-29.600000
4481,-336.000000,-31.200001
4482,-320.000000,-31.200001
4483,-328.000000,-29.600000
4484,-344.000000,-32.799999
4485,-344.000000,-30.400000
4486,-336.000000,-30.400000
4487,-344.000000,-30.400000
4488,-312.000000,-29.600000
4489,-280.000000,-29.600000
4490,-296.000000,-29.600000
4491,-320.000000,-30.400000
4492,-352.000000,-23.200001
4493,-336.000000,-28.799999
4494,-376.000000,-28.799999
4495,-392.000000,-29.600000
4496,-360.000000,-29.600000
4497,-384.000000,-29.600000
4498,-360.000000,-29.600000
4499,-352.000000,-28.799999
4500,-336.000000,-28.799999
4501,-328.000000,-28.799999
4502,-368.000000,-28.000000
4503,-352.000000,-29.600000
4504,-368.000000,-28.000000
4505,-392.000000,-35.200001
4506,-392.000000,-28.799999
4507,-368.000000,-25.600000
4508,-312.000000,-28.799999
4509,-328.000000,-28.799999
4510,-344.000000,-27.200001
4511,-344.000000,-27.200001
4512,-368.000000,-28.799999
4513,-384.000000,-28.000000
4514,-400.000000,-28.000000
4515,-408.000000,-21.600000
4516,-424.000000,-26.400000
4517,-432.000000,-28.000000
4518,-400.000000,-25.600000
4519,-384.000000,-28.000000
4520,-368.000000,-27.200001
4521,-384.000000,-27.200001
4522,-376.000000,-26.400000
4523,-384.000000,-32.000000
4524,-392.000000,-28.000000
4525,-416.000000,-26.400000
4526,-432.000000,-27.200001
4527,-408.000000,-26.400000
4528,-400.000000,-29.600000
4529,-360.000000,-25.600000
4530,-384.000000,-26.400000
4531,-392.000000,-26.400000
4532,-392.000000,-25.600000
4533,-408.000000,-25.600000
4534,-432.000000,-27.200001
4535,-432.000000,-24.000000
4536,-432.000000,-48.799999
4537,-416.000000,-26.400000
4538,-424.000000,-26.400000
4539,-408.000000,-25.600000
4540,-392.000000,-24.799999
4541,-400.000000,-17.600000
4542,-400.000000,-24.000000
4543,-408.000000,-24.799999
4544,-440.000000,-24.000000
4545,-440.000000,-24.000000
4546,-448.000000,-24.799999
4547,-416.000000,-23.200001
4548,-408.000000,-23.200001
4549,-384.000000,-26.400000
4550,-408.000000,-23.200001
4551,-432.000000,-22.400000
4552,-432.000000,-22.400000
4553,-424.000000,-24.799999
4554,-456.000000,-21.600000
4555,-456.000000,-22.400000
4556,-440.000000,-23.200001
4557,-472.000000,-22.400000
4558,-456.000000,-23.200001
4559,-408.000000,-27.200001
4560,-400.000000,-21.600000
4561,-416.000000,-23.200001
4562,-432.000000,-22.400000
4563,-408.000000,-20.799999
4564,-448.000000,-20.799999
4565,-472.000000,-21.600000
4566,-488.000000,-22.400000
4567,-432.000000,-20.799999
4568,-416.000000,-20.799999
4569,-424.000000,-21.600000
4570,-408.000000,-20.000000
4571,-416.000000,-21.600000
4572,-432.000000,-20.000000
4573,-448.000000,-20.000000
4574,-456.000000,-22.400000
4575,-480.000000,-20.000000
4576,-488.000000,-19.200001
4577,-488.000000,-17.600000
4578,-440.000000,-19.200001
4579,-424.000000,-19.200001
4580,-432.000000,-27.200001
4581,-416.000000,-20.000000
4582,-424.000000,-17.600000
4583,-440.000000,-17.600000
4584,-448.000000,-19.200001
4585,-480.000000,-16.000000
4586,-472.000000,-17.600000
4587,-456.000000,-19.200001
4588,-424.000000,-17.600000
4589,-408.000000,-18.400000
4590,-392.000000,-11.200000
4591,-424.000000,-16.799999
4592,-464.000000,-17.600000
4593,-456.000000,-16.799999
4594,-480.000000,-16.799999
4595,-488.000000,-16.000000
4596,-504.000000,-16.000000
4597,-488.000000,-16.000000
4598,-456.000000,-15.200000
4599,-440.000000,-14.400000
4600,-440.000000,-16.000000
4601,-424.000000,-15.200000
4602,-424.000000,-15.200000
4603,-432.000000,-16.799999
4604,-440.000000,-16.000000
4605,-464.000000,-14.400000
4606,-472.000000,-15.200000
4607,-464.000000,-12.800000
4608,-424.000000,-12.000000
4609,-424.000000,-15.200000
4610,-424.000000,-12.800000
4611,-424.000000,-22.400000
4612,-424.000000,-12.800000
4613,-456.000000,-12.000000
4614,-472.000000,-12.800000
4615,-488.000000,-14.400000
4616,-480.000000,-16.000000
4617,-472.000000,-12.000000
4618,-464.000000,-12.800000
4619,-440.000000,-12.000000
4620,-456.000000,-11.200000
4621,-432.000000,-5.600000
4622,-432.000000,-10.400000
4623,-448.000000,-10.400000
4624,-448.000000,-10.400000
4625,-480.000000,-12.000000
4626,-464.000000,-9.600000
4627,-472.000000,-9.600000
4628,-424.000000,-9.600000
4629,-424.000000,-8.800000
4630,-424.000000,-10.400000
4631,-440.000000,-8.000000
4632,-448.000000,-8.800000
4633,-448.000000,-8.800000
4634,-472.000000,-10.400000
4635,-480.000000,-8.000000
4636,-480.000000,-9.600000
4637,-496.000000,-7.200000
4638,-448.000000,-6.400000
4639,-448.000000,-6.400000
4640,-416.000000,-6.400000
4641,-424.000000,-7.200000
4642,-416.000000,-7.200000
4643,-408.000000,-6.400000
4644,-448.000000,-5.600000
4645,-464.000000,-6.400000
4646,-448.000000,-8.000000
4647,-424.000000,-5.600000
4648,-416.000000,-6.400000
4649,-392.000000,-5.600000
4650,-392.000000,-4.800000
4651,-400.000000,-4.000000
4652,-416.000000,-11.200000
4653,-432.000000,-4.000000
4654,-456.000000,-3.200000
4655,-448.000000,-3.200000
4656,-456.000000,-4.000000
4657,-440.000000,-3.200000
4658,-416.000000,-4.000000
4659,-424.000000,-3.200000
4660,-400.000000,-10.400000
4661,-408.000000,-3.200000
4662,-416.000000,-2.400000
4663,-424.000000,-2.400000
4664,-424.000000,-3.200000
4665,-448.000000,-5.600000
4666,-424.000000,-2.400000
4667,-408.000000,-1.600000
4668,-408.000000,-0.800000
4669,-376.000000,0.800000
4670,-384.000000,-3.200000
4671,-376.000000,-2.400000
4672,-400.000000,0.800000
4673,-400.000000,0.000000
4674,-416.000000,-1.600000
4675,-440.000000,0.800000
4676,-440.000000,0.800000
4677,-432.000000,0.000000
4678,-408.000000,0.800000
4679,-392.000000,0.800000
4680,-400.000000,0.800000
4681,-392.000000,2.400000
4682,-392.000000,2.400000
4683,-400.000000,4.800000
4684,-400.000000,3.200000
4685,-392.000000,3.200000
4686,-408.000000,2.400000
4687,-408.000000,3.200000
4688,-368.000000,3.200000
4689,-360.000000,2.400000
4690,-344.000000,3.200000
4691,-360.000000,17.600000
4692,-376.000000,4.800000
4693,-392.000000,4.000000
4694,-392.000000,4.000000
4695,-392.000000,3.200000
4696,-400.000000,16.000000
4697,-400.000000,4.800000
4698,-376.000000,4.000000
4699,-384.000000,4.800000
4700,-360.000000,4.800000
4701,-368.000000,1.600000
4702,-344.000000,6.400000
4703,-352.000000,6.400000
4704,-376.000000,6.400000
4705,-392.000000,4.800000
4706,-376.000000,5.600000
4707,-344.000000,7.200000
4708,-336.000000,7.200000
4709,-312.000000,8.000000
4710,-280.000000,8.000000
4711,-312.000000,7.200000
4712,-344.000000,7.200000
4713,-368.000000,7.200000
4714,-384.000000,12.000000
4715,-384.000000,8.800000
4716,-368.000000,9.600000
4717,-368.000000,8.800000
4718,-352.000000,10.400000
4719,-336.000000,8.000000
4720,-320.000000,8.800000
4721,-328.000000,10.400000
4722,-328.000000,31.200001
4723,-328.000000,11.200000
4724,-352.000000,10.400000
4725,-352.000000,12.800000
4726,-336.000000,10.400000
4727,-328.000000,8.000000
4728,-296.000000,10.400000
4729,-280.000000,12.000000
4730,-272.000000,9.600000
4731,-312.000000,12.000000
4732,-312.000000,10.400000
4733,-312.000000,12.000000
4734,-320.000000,12.800000
4735,-328.000000,13.600000
4736,-344.000000,12.800000
4737,-328.000000,12.000000
4738,-304.000000,14.400000
4739,-280.000000,12.800000
4740,-272.000000,11.200000
4741,-288.000000,12.800000
4742,-280.000000,14.400000
4743,-280.000000,14.400000
4744,-288.000000,14.400000
4745,-328.000000,16.799999
4746,-304.000000,15.200000
4747,-296.000000,15.200000
4748,-240.000000,17.600000
4749,-232.000000,16.000000
4750,-224.000000,14.400000
4751,-256.000000,15.200000
4752,-264.000000,16.000000
4753,-288.000000,28.799999
4754,-288.000000,16.000000
4755,-280.000000,17.600000
4756,-280.000000,16.000000
4757,-272.000000,16.000000
4758,-264.000000,12.000000
4759,-248.000000,16.799999
4760,-224.000000,16.799999
4761,-216.000000,18.400000
4762,-232.000000,16.799999
4763,-224.000000,17.600000
4764,-232.000000,17.600000
4765,-280.000000,16.799999
4766,-288.000000,18.400000
4767,-240.000000,17.600000
4768,-224.000000,20.000000
4769,-176.000000,19.200001
4770,-200.000000,19.200001
4771,-208.000000,20.000000
4772,-240.000000,19.200001
4773,-224.000000,19.200001
4774,-248.000000,20.000000
4775,-256.000000,19.200001
4776,-240.000000,20.000000
4777,-248.000000,20.799999
4778,-192.000000,20.000000
4779,-192.000000,20.000000
4780,-192.000000,21.600000
4781,-176.000000,19.200001
4782,-168.000000,20.799999
4783,-184.000000,19.200001
4784,-208.000000,22.400000
4785,-200.000000,20.799999
4786,-224.000000,20.799999
4787,-208.000000,20.799999
4788,-176.000000,23.200001
4789,-176.000000,22.400000
4790,-144.000000,22.400000
4791,-160.000000,20.799999
4792,-168.000000,22.400000
4793,-168.000000,22.400000
4794,-184.000000,23.200001
4795,-184.000000,21.600000
4796,-184.000000,23.200001
4797,-192.000000,22.400000
4798,-168.000000,24.000000
4799,-168.000000,23.200001
4800,-136.000000,23.200001
4801,-128.000000,24.000000
4802,-128.000000,42.400002
4803,-128.000000,23.200001
4804,-152.000000,24.000000
4805,-160.000000,23.200001
4806,-176.000000,24.000000
4807,-152.000000,22.400000
4808,-104.000000,25.600000
4809,-112.000000,24.000000
4810,-88.000000,24.000000
4811,-128.000000,25.600000
4812,-128.000000,24.799999
4813,-144.000000,24.799999
4814,-144.000000,25.600000
4815,-160.000000,24.799999
4816,-152.000000,23.200001
4817,-128.000000,25.600000
4818,-88.000000,27.200001
4819,-80.000000,25.600000
4820,-88.000000,28.799999
4821,-96.000000,25.600000
4822,-96.000000,25.600000
4823,-96.000000,27.200001
4824,-112.000000,25.600000
4825,-120.000000,30.400000
4826,-128.000000,25.600000
4827,-120.000000,28.000000
4828,-56.000000,26.400000
4829,-56.000000,26.400000
4830,-48.000000,27.200001
4831,-48.000000,27.200001
4832,-64.000000,28.000000
4833,-96.000000,18.400000
4834,-104.000000,28.000000
4835,-80.000000,27.200001
4836,-80.000000,26.400000
4837,-88.000000,27.200001
4838,-72.000000,23.200001
4839,-56.000000,28.799999
4840,-40.000000,28.799999
4841,-32.000000,28.000000
4842,-48.000000,26.400000
4843,-56.000000,30.400000
4844,-72.000000,27.200001
4845,-64.000000,29.600000
4846,-72.000000,28.799999
4847,-24.000000,28.000000
4848,-24.000000,29.600000
4849,8.000000,30.400000
4850,16.000000,27.200001
4851,-24.000000,27.200001
4852,-24.000000,27.200001
4853,-32.000000,28.000000
4854,-32.000000,29.600000
4855,-24.000000,26.400000
4856,-56.000000,28.000000
4857,-40.000000,28.799999
4858,-8.000000,28.799999
4859,0.000000,29.600000
4860,24.000000,29.600000
4861,32.000000,28.799999
4862,32.000000,28.799999
4863,16.000000,29.600000
4864,8.000000,30.400000
4865,0.000000,28.799999
4866,8.000000,31.200001
4867,32.000000,29.600000
4868,32.000000,28.799999
4869,56.000000,28.799999
4870,72.000000,31.200001
4871,72.000000,28.799999
4872,48.000000,30.400000
4873,8.000000,30.400000
4874,16.000000,31.200001
4875,16.000000,29.600000
4876,24.000000,31.200001
4877,32.000000,30.400000
4878,32.000000,29.600000
4879,72.000000,29.600000
4880,40.000000,30.400000
4881,56.000000,30.400000
4882,72.000000,46.400002
4883,56.000000,30.400000
4884,32.000000,31.200001
4885,32.000000,32.000000
4886,40.000000,29.600000
4887,40.000000,39.200001
4888,88.000000,30.400000
4889,112.000000,30.400000
4890,120.000000,29.600000
4891,104.000000,30.400000
4892,96.000000,29.600000
4893,80.000000,30.400000
4894,56.000000,31.200001
4895,72.000000,30.400000
4896,56.000000,32.000000
4897,64.000000,30.400000
4898,104.000000,31.200001
4899,112.000000,30.400000
4900,128.000000,28.799999
4901,136.000000,29.600000
4902,120.000000,32.000000
4903,104.000000,29.600000
4904,80.000000,29.600000
4905,88.000000,31.200001
4906,80.000000,30.400000
4907,104.000000,32.000000
4908,160.000000,31.200001
4909,160.000000,31.200001
4910,152.000000,32.799999
4911,152.000000,31.200001
4912,136.000000,32.000000
4913,120.000000,30.400000
4914,128.000000,30.400000
4915,104.000000,30.400000
4916,96.000000,31.200001
4917,136.000000,30.400000
4918,160.000000,30.400000
4919,160.000000,31.200001
4920,184.000000,31.200001
4921,192.000000,30.400000
4922,152.000000,31.200001
4923,144.000000,32.000000
4924,144.000000,30.400000
4925,136.000000,32.000000
4926,136.000000,29.600000
4927,192.000000,30.400000
4928,200.000000,31.200001
4929,192.000000,29.600000
4930,216.000000,30.400000
4931,208.000000,36.000000
4932,176.000000,30.400000
4933,160.000000,29.600000
4934,160.000000,29.600000
4935,152.000000,29.600000
4936,144.000000,25.600000
4937,176.000000,31.200001
4938,184.000000,30.400000
4939,208.000000,31.200001
4940,208.000000,30.400000
4941,216.000000,28.000000
4942,224.000000,29.600000
4943,192.000000,30.400000
4944,184.000000,30.400000
4945,168.000000,29.600000
4946,200.000000,31.200001
4947,216.000000,30.400000
4948,232.000000,29.600000
4949,272.000000,32.000000
4950,272.000000,31.200001
4951,240.000000,29.600000
4952,240.000000,29.600000
4953,216.000000,30.400000
4954,208.000000,25.600000
4955,200.000000,28.000000
4956,208.000000,28.000000
4957,192.000000,28.799999
4958,256.000000,29.600000
4959,248.000000,28.000000
4960,232.000000,28.799999
4961,240.000000,29.600000
4962,248.000000,6.400000
4963,224.000000,28.000000
4964,232.000000,28.799999
4965,224.000000,28.799999
4966,208.000000,28.000000
4967,232.000000,23.200001
4968,288.000000,29.600000
4969,272.000000,28.000000
4970,280.000000,28.799999
4971,264.000000,29.600000
4972,240.000000,26.400000
4973,240.000000,28.799999
4974,240.000000,28.799999
4975,248.000000,28.799999
4976,224.000000,27.200001
4977,232.000000,29.600000
4978,288.000000,28.000000
4979,288.000000,25.600000
4980,288.000000,21.600000
4981,280.000000,28.799999
4982,264.000000,27.200001
4983,256.000000,27.200001
4984,264.000000,26.400000
4985,264.000000,31.200001
4986,272.000000,27.200001
4987,256.000000,28.000000
4988,304.000000,28.000000
4989,320.000000,27.200001
4990,296.000000,25.600000
4991,280.000000,27.200001
4992,272.000000,28.000000
4993,280.000000,19.200001
4994,256.000000,25.600000
4995,256.000000,27.200001
4996,256.000000,26.400000
4997,264.000000,25.600000
4998,280.000000,28.000000
4999,304.000000,26.400000
5000,296.000000,24.799999
5001,320.000000,26.400000
5002,312.000000,25.600000
5003,312.000000,20.799999
5004,296.000000,25.600000
5005,264.000000,26.400000
5006,272.000000,24.000000
5007,304.000000,25.600000
5008,304.000000,24.799999
5009,328.000000,24.799999
5010,360.000000,24.799999
5011,320.000000,21.600000
5012,312.000000,26.400000
5013,320.000000,24.799999
5014,296.000000,23.200001
5015,288.000000,24.799999
5016,272.000000,27.200001
5017,312.000000,24.799999
5018,344.000000,24.799999
5019,344.000000,23.200001
5020,312.000000,24.000000
5021,320.000000,22.400000
5022,336.000000,25.600000
5023,312.000000,23.200001
5024,304.000000,56.000000
5025,296.000000,24.000000
5026,312.000000,23.200001
5027,344.000000,22.400000
5028,352.000000,22.400000
5029,368.000000,19.200001
5030,376.000000,23.200001
5031,360.000000,23.200001
5032,352.000000,22.400000
5033,328.000000,22.400000
5034,320.000000,21.600000
5035,304.000000,20.799999
5036,312.000000,20.799999
5037,328.000000,21.600000
5038,328.000000,21.600000
5039,336.000000,21.600000
5040,360.000000,21.600000
5041,360.000000,19.200001
5042,360.000000,20.799999
5043,352.000000,20.799999
5044,336.000000,20.799999
5045,304.000000,21.600000
5046,312.000000,20.000000
5047,344.000000,22.400000
5048,384.000000,20.799999
5049,384.000000,20.000000
5050,376.000000,18.400000
5051,384.000000,20.000000
5052,360.000000,20.000000
5053,344.000000,20.000000
5054,312.000000,18.400000
5055,320.000000,41.599998
5056,328.000000,20.000000
5057,328.000000,18.400000
5058,352.000000,20.000000
5059,392.000000,17.600000
5060,360.000000,16.799999
5061,384.000000,18.400000
5062,352.000000,18.400000
5063,360.000000,18.400000
5064,336.000000,18.400000
5065,336.000000,14.400000
5066,344.000000,18.400000
5067,360.000000,17.600000
5068,408.000000,17.600000
5069,400.000000,17.600000
5070,392.000000,18.400000
5071,368.000000,17.600000
5072,344.000000,17.600000
5073,344.000000,20.799999
5074,352.000000,16.799999
5075,352.000000,16.000000
5076,336.000000,16.000000
5077,344.000000,15.200000
5078,360.000000,16.000000
5079,376.000000,16.000000
5080,392.000000,16.000000
5081,360.000000,15.200000
5082,360.000000,17.600000
5083,352.000000,16.799999
5084,352.000000,15.200000
5085,344.000000,16.000000
5086,336.000000,4.800000
5087,368.000000,15.200000
5088,392.000000,15.200000
5089,416.000000,15.200000
5090,400.000000,14.400000
5091,392.000000,10.400000
5092,368.000000,13.600000
5093,368.000000,13.600000
5094,344.000000,12.000000
5095,352.000000,13.600000
5096,336.000000,13.600000
5097,352.000000,13.600000
5098,360.000000,14.400000
5099,376.000000,12.800000
5100,400.000000,13.600000
5101,384.000000,13.600000
5102,344.000000,12.000000
5103,360.000000,13.600000
5104,360.000000,6.400000
5105,352.000000,12.000000
5106,328.000000,12.000000
5107,368.000000,12.000000
5108,376.000000,12.000000
5109,408.000000,16.000000
5110,432.000000,11.200000
5111,400.000000,11.200000
5112,360.000000,11.200000
5113,352.000000,10.400000
5114,344.000000,9.600000
5115,328.000000,8.800000
5116,336.000000,8.000000
5117,360.000000,-5.600000
5118,360.000000,9.600000
5119,384.000000,10.400000
5120,376.000000,9.600000
5121,368.000000,8.800000
5122,376.000000,5.600000
5123,352.000000,9.600000
5124,344.000000,8.000000
5125,328.000000,9.600000
5126,344.000000,8.800000
5127,368.000000,4.800000
5128,408.000000,8.000000
5129,424.000000,8.000000
5130,408.000000,8.000000
5131,400.000000,8.000000
5132,368.000000,7.200000
5133,344.000000,6.400000
5134,344.000000,7.200000
5135,312.000000,3.200000
5136,336.000000,7.200000
5137,360.000000,6.400000
5138,368.000000,6.400000
5139,368.000000,7.200000
5140,384.000000,4.000000
5141,400.000000,7.200000
5142,384.000000,4.800000
5143,352.000000,5.600000
5144,328.000000,5.600000
5145,336.000000,4.800000
5146,320.000000,4.800000
5147,344.000000,4.000000
5148,384.000000,-1.600000
5149,392.000000,5.600000
5150,376.000000,4.800000
5151,368.000000,3.200000
5152,352.000000,3.200000
5153,328.000000,9.600000
5154,312.000000,3.200000
5155,320.000000,3.200000
5156,304.000000,4.000000
5157,328.000000,4.000000
5158,344.000000,4.000000
5159,360.000000,2.400000
5160,368.000000,4.000000
5161,352.000000,2.400000
5162,336.000000,1.600000
5163,336.000000,3.200000
5164,312.000000,2.400000
5165,296.000000,0.000000
5166,304.000000,8.800000
5167,328.000000,1.600000
5168,368.000000,2.400000
5169,376.000000,0.800000
5170,376.000000,0.800000
5171,352.000000,5.600000
5172,344.000000,1.600000
5173,336.000000,2.400000
5174,320.000000,0.000000
5175,288.000000,0.000000
5176,296.000000,1.600000
5177,328.000000,0.000000
5178,288.000000,0.000000
5179,344.000000,8.000000
5180,352.000000,-1.600000
5181,336.000000,-1.600000
5182,336.000000,-1.600000
5183,328.000000,-1.600000
5184,312.000000,0.800000
5185,288.000000,-2.400000
5186,304.000000,-1.600000
5187,320.000000,-3.200000
5188,336.000000,-2.400000
5189,360.000000,-4.000000
5190,368.000000,-1.600000
5191,352.000000,-2.400000
5192,328.000000,-1.600000
5193,320.000000,-3.200000
5194,304.000000,-2.400000
5195,280.000000,-1.600000
5196,280.000000,-3.200000
5197,304.000000,-2.400000
5198,320.000000,-3.200000
5199,312.000000,-4.000000
5200,320.000000,-4.000000
5201,312.000000,-2.400000
5202,336.000000,-3.200000
5203,312.000000,-4.800000
5204,296.000000,-4.800000
5205,256.000000,-5.600000
5206,272.000000,-5.600000
5207,280.000000,-4.800000
5208,328.000000,-4.800000
5209,336.000000,-4.800000
5210,336.000000,-8.800000
5211,304.000000,-5.600000
5212,288.000000,-6.400000
5213,264.000000,-5.600000
5214,264.000000,-6.400000
5215,248.000000,-7.200000
5216,240.000000,-5.600000
5217,264.000000,-7.200000
5218,288.000000,-6.400000
5219,312.000000,-5.600000
5220,296.000000,-5.600000
5221,296.000000,-7.200000
5222,296.000000,-8.000000
5223,272.000000,-17.600000
5224,248.000000,-7.200000
5225,256.000000,-8.800000
5226,248.000000,-8.000000
5227,256.000000,-8.800000
5228,272.000000,-11.200000
5229,288.000000,-8.800000
5230,288.000000,-9.600000
5231,256.000000,-9.600000
5232,264.000000,-8.800000
5233,248.000000,-5.600000
5234,224.000000,-10.400000
5235,200.000000,-10.400000
5236,216.000000,-8.800000
5237,216.000000,-11.200000
5238,264.000000,-10.400000
5239,272.000000,-11.200000
5240,280.000000,-9.600000
5241,264.000000,-16.799999
5242,240.000000,-10.400000
5243,216.000000,-11.200000
5244,208.000000,-11.200000
5245,192.000000,-12.800000
5246,208.000000,-8.800000
5247,208.000000,-10.400000
5248,264.000000,-12.800000
5249,288.000000,-10.400000
5250,256.000000,-12.800000
5251,248.000000,-12.800000
5252,232.000000,-12.800000
5253,208.000000,-12.000000
5254,192.000000,-32.000000
5255,192.000000,-12.800000
5256,184.000000,-14.400000
5257,176.000000,-13.600000
5258,200.000000,-14.400000
5259,216.000000,-0.800000
5260,208.000000,-14.400000
5261,216.000000,-16.000000
5262,176.000000,-14.400000
5263,192.000000,-14.400000
5264,168.000000,-16.799999
5265,152.000000,-15.200000
5266,160.000000,-15.200000
5267,208.000000,-13.600000
5268,216.000000,-15.200000
5269,224.000000,-14.400000
5270,240.000000,-15.200000
5271,208.000000,-16.000000
5272,168.000000,-11.200000
5273,168.000000,-16.000000
5274,152.000000,-17.600000
5275,144.000000,-17.600000
5276,152.000000,-17.600000
5277,152.000000,-12.000000
5278,168.000000,-16.000000
5279,184.000000,-17.600000
5280,184.000000,-17.600000
5281,160.000000,-18.400000
5282,168.000000,-17.600000
5283,152.000000,-17.600000
5284,136.000000,-18.400000
5285,128.000000,-2.400000
5286,120.000000,-20.000000
5287,120.000000,-17.600000
5288,160.000000,-18.400000
5289,208.000000,-19.200001
5290,168.000000,-15.200000
5291,144.000000,-16.799999
5292,136.000000,-19.200001
5293,112.000000,-18.400000
5294,96.000000,-18.400000
5295,88.000000,-20.799999
5296,88.000000,-21.600000
5297,96.000000,-20.000000
5298,112.000000,-20.799999
5299,120.000000,-20.799999
5300,120.000000,-20.000000
5301,120.000000,-19.200001
5302,120.000000,-20.799999
5303,112.000000,-21.600000
5304,96.000000,-20.799999
5305,88.000000,-22.400000
5306,80.000000,-20.799999
5307,112.000000,-21.600000
5308,152.000000,-25.600000
5309,136.000000,-21.600000
5310,144.000000,-22.400000
5311,104.000000,-21.600000
5312,88.000000,-20.000000
5313,64.000000,-21.600000
5314,40.000000,-21.600000
5315,32.000000,-21.600000
5316,40.000000,-21.600000
5317,48.000000,-21.600000
5318,72.000000,-22.400000
5319,80.000000,-22.400000
5320,80.000000,-22.400000
5321,72.000000,-24.799999
5322,72.000000,-22.400000
5323,40.000000,-23.200001
5324,40.000000,-21.600000
5325,24.000000,-23.200001
5326,24.000000,-23.200001
5327,56.000000,-24.799999
5328,80.000000,-23.200001
5329,80.000000,-22.400000
5330,88.000000,-24.799999
5331,48.000000,-24.000000
5332,32.000000,-24.000000
5333,32.000000,-26.400000
5334,24.000000,-24.000000
5335,0.000000,-24.799999
5336,8.000000,-23.200001
5337,24.000000,-26.400000
5338,24.000000,-25.600000
5339,24.000000,-21.600000
5340,32.000000,-24.799999
5341,32.000000,-25.600000
5342,16.000000,-25.600000
5343,8.000000,-24.799999
5344,-16.000000,-24.000000
5345,-24.000000,-26.400000
5346,-16.000000,-25.600000
5347,-8.000000,-24.799999
5348,24.000000,-26.400000
5349,32.000000,-25.600000
5350,16.000000,-26.400000
5351,0.000000,-27.200001
5352,-40.000000,-22.400000
5353,-32.000000,-25.600000
5354,-40.000000,-26.400000
5355,-56.000000,-27.200001
5356,-56.000000,-27.200001
5357,-56.000000,-28.799999
5358,-40.000000,-27.200001
5359,-40.000000,-26.400000
5360,-8.000000,-31.200001
5361,-16.000000,-28.000000
5362,-40.000000,-26.400000
5363,-48.000000,-27.200001
5364,-88.000000,-27.200001
5365,-72.000000,-33.599998
5366,-88.000000,-28.799999
5367,-56.000000,-29.600000
5368,-64.000000,-28.799999
5369,-8.000000,-29.600000
5370,-32.000000,-32.799999
5371,-48.000000,-28.799999
5372,-80.000000,-27.200001
5373,-72.000000,-28.000000
5374,-96.000000,-30.400000
5375,-112.000000,-27.200001
5376,-112.000000,-29.600000
5377,-112.000000,-28.000000
5378,-88.000000,-25.600000
5379,-64.000000,-28.000000
5380,-64.000000,-29.600000
5381,-80.000000,-29.600000
5382,-80.000000,-30.400000
5383,-80.000000,-32.000000
5384,-112.000000,-28.000000
5385,-112.000000,-29.600000
5386,-128.000000,-30.400000
5387,-104.000000,-28.799999
5388,-80.000000,-30.400000
5389,-64.000000,-29.600000
5390,-88.000000,-29.600000
5391,-88.000000,-27.200001
5392,-120.000000,-29.600000
5393,-136.000000,-28.799999
5394,-152.000000,-29.600000
5395,-152.000000,-28.799999
5396,-152.000000,-26.400000
5397,-136.000000,-28.799999
5398,-136.000000,-30.400000
5399,-104.000000,-31.200001
5400,-120.000000,-30.400000
5401,-128.000000,-30.400000
5402,-128.000000,-31.200001
5403,-144.000000,-28.799999
5404,-136.000000,-29.600000
5405,-160.000000,-30.400000
5406,-184.000000,-29.600000
5407,-152.000000,-30.400000
5408,-136.000000,-30.400000
5409,-112.000000,-27.200001
5410,-128.000000,-31.200001
5411,-144.000000,-32.799999
5412,-152.000000,-30.400000
5413,-184.000000,-30.400000
5414,-192.000000,-28.000000
5415,-216.000000,-31.200001
5416,-224.000000,-32.000000
5417,-208.000000,-32.000000
5418,-208.000000,-29.600000
5419,-168.000000,-30.400000
5420,-168.000000,-32.000000
5421,-152.000000,-32.000000
5422,-168.000000,-24.799999
5423,-184.000000,-29.600000
5424,-200.000000,-31.200001
5425,-216.000000,-32.000000
5426,-224.000000,-31.200001
5427,-208.000000,-32.000000
5428,-200.000000,-30.400000
5429,-168.000000,-32.000000
5430,-208.000000,-31.200001
5431,-168.000000,-29.600000
5432,-216.000000,-32.799999
5433,-224.000000,-31.200001
5434,-248.000000,-30.400000
5435,-264.000000,-30.400000
5436,-256.000000,-32.000000
5437,-240.000000,-32.000000
5438,-232.000000,-30.400000
5439,-232.000000,-32.000000
5440,-208.000000,-29.600000
5441,-240.000000,-31.200001
5442,-240.000000,-32.000000
5443,-240.000000,-31.200001
5444,-264.000000,-32.000000
5445,-264.000000,-27.200001
5446,-288.000000,-31.200001
5447,-264.000000,-30.400000
5448,-256.000000,-31.200001
5449,-200.000000,-32.000000
5450,-208.000000,-31.200001
5451,-224.000000,-31.200001
5452,-256.000000,-29.600000
5453,-280.000000,-14.400000
5454,-304.000000,-30.400000
5455,-296.000000,-30.400000
5456,-296.000000,-30.400000
5457,-296.000000,-32.000000
5458,-304.000000,-17.600000
5459,-264.000000,-31.200001
5460,-272.000000,-32.000000
5461,-264.000000,-31.200001
5462,-272.000000,-30.400000
5463,-280.000000,-35.200001
5464,-312.000000,-29.600000
5465,-320.000000,-30.400000
5466,-328.000000,-30.400000
5467,-304.000000,-32.000000
5468,-304.000000,-30.400000
5469,-256.000000,-31.200001
5470,-272.000000,-32.000000
5471,-280.000000,-30.400000
5472,-296.000000,-29.600000
5473,-328.000000,-32.000000
5474,-320.000000,-28.799999
5475,-344.000000,-31.200001
5476,-352.000000,-30.400000
5477,-328.000000,-30.400000
5478,-336.000000,-32.000000
5479,-304.000000,-31.200001
5480,-328.000000,-30.400000
5481,-304.000000,-29.600000
5482,-320.000000,-30.400000
5483,-312.000000,-29.600000
5484,-320.000000,-8.800000
5485,-360.000000,-29.600000
5486,-384.000000,-30.400000
5487,-328.000000,-31.200001
5488,-304.000000,-28.799999
5489,-264.000000,-35.200001
5490,-312.000000,-29.600000
5491,-336.000000,-30.400000
5492,-344.000000,-29.600000
5493,-352.000000,-28.799999
5494,-360.000000,-24.799999
5495,-400.000000,-29.600000
5496,-384.000000,-28.000000
5497,-360.000000,-28.000000
5498,-352.000000,-29.600000
5499,-336.000000,-27.200001
5500,-344.000000,-28.799999
5501,-352.000000,-28.799999
5502,-352.000000,-26.400000
5503,-368.000000,-28.799999
5504,-376.000000,-32.000000
5505,-400.000000,-28.799999
5506,-400.000000,-28.799999
5507,-376.000000,-28.000000
5508,-368.000000,-28.799999
5509,-352.000000,-30.400000
5510,-360.000000,-29.600000
5511,-344.000000,-28.000000
5512,-368.000000,-25.600000
5513,-368.000000,-28.799999
5514,-384.000000,-27.200001
5515,-416.000000,-24.000000
5516,-392.000000,-28.000000
5517,-416.000000,-28.000000
5518,-408.000000,-28.000000
5519,-392.000000,-28.000000
5520,-368.000000,-24.000000
5521,-360.000000,-28.000000
5522,-368.000000,-28.799999
5523,-384.000000,-27.200001
5524,-384.000000,-26.400000
5525,-424.000000,-23.200001
5526,-416.000000,-26.400000
5527,-408.000000,-25.600000
5528,-384.000000,-26.400000
5529,-368.000000,-25.600000
5530,-368.000000,-26.400000
5531,-384.000000,-27.200001
5532,-400.000000,-25.600000
5533,-424.000000,-20.000000
5534,-432.000000,-25.600000
5535,-432.000000,-26.400000
5536,-448.000000,-26.400000
5537,-440.000000,-25.600000
5538,-416.000000,-29.600000
5539,-408.000000,-25.600000
5540,-416.000000,-26.400000
5541,-408.000000,-25.600000
5542,-416.000000,-24.799999
5543,-408.000000,-24.799999
5544,-416.000000,-25.600000
5545,-456.000000,-24.799999
5546,-456.000000,-25.600000
5547,-432.000000,-23.200001
5548,-392.000000,-23.200001
5549,-392.000000,-24.000000
5550,-384.000000,-23.200001
5551,-384.000000,-18.400000
5552,-424.000000,-23.200001
5553,-408.000000,-24.799999
5554,-448.000000,-24.000000
5555,-456.000000,-23.200001
5556,-448.000000,-26.400000
5557,-456.000000,-22.400000
5558,-456.000000,-21.600000
5559,-440.000000,-22.400000
5560,-416.000000,-21.600000
5561,-416.000000,-23.200001
5562,-408.000000,-21.600000
5563,-416.000000,-22.400000
5564,-456.000000,-46.400002
5565,-480.000000,-23.200001
5566,-464.000000,-19.200001
5567,-432.000000,-20.799999
5568,-432.000000,-20.000000
5569,-416.000000,-18.400000
5570,-392.000000,-20.000000
5571,-424.000000,-21.600000
5572,-440.000000,-21.600000
5573,-448.000000,-19.200001
5574,-456.000000,-23.200001
5575,-456.000000,-20.000000
5576,-480.000000,-18.400000
5577,-480.000000,-18.400000
5578,-464.000000,-18.400000
5579,-464.000000,-18.400000
5580,-448.000000,-19.200001
5581,-456.000000,-20.000000
5582,-408.000000,-22.400000
5583,-456.000000,-18.400000
5584,-472.000000,-18.400000
5585,-480.000000,-18.400000
5586,-480.000000,-18.400000
5587,-456.000000,-15.200000
5588,-448.000000,-17.600000
5589,-400.000000,-17.600000
5590,-400.000000,-17.600000
5591,-424.000000,-16.799999
5592,-432.000000,-16.799999
5593,-464.000000,-17.600000
5594,-448.000000,-16.000000
5595,-472.000000,12.800000
5596,-480.000000,-16.799999
5597,-472.000000,-16.000000
5598,-456.000000,-16.000000
5599,-456.000000,-16.000000
5600,-424.000000,-16.000000
5601,-432.000000,-15.200000
5602,-424.000000,-15.200000
5603,-440.000000,-14.400000
5604,-448.000000,-15.200000
5605,-472.000000,-21.600000
5606,-488.000000,-13.600000
5607,-448.000000,-12.000000
5608,-416.000000,-15.200000
5609,-400.000000,-13.600000
5610,-408.000000,-12.800000
5611,-424.000000,-14.400000
5612,-432.000000,-12.000000
5613,-456.000000,-20.000000
5614,-472.000000,-13.600000
5615,-488.000000,-12.000000
5616,-488.000000,-11.200000
5617,-456.000000,-13.600000
5618,-464.000000,-17.600000
5619,-456.000000,-11.200000
5620,-432.000000,-12.000000
5621,-440.000000,-12.000000
5622,-440.000000,-10.400000
5623,-440.000000,-12.800000
5624,-464.000000,-10.400000
5625,-472.000000,-10.400000
5626,-464.000000,-10.400000
5627,-448.000000,-11.200000
5628,-440.000000,-10.400000
5629,-416.000000,-8.800000
5630,-416.000000,-10.400000
5631,-448.000000,-8.000000
5632,-456.000000,-8.000000
5633,-464.000000,-10.400000
5634,-464.000000,-8.800000
5635,-480.000000,-7.200000
5636,-472.000000,-10.400000
5637,-456.000000,-8.800000
5638,-424.000000,-5.600000
5639,-424.000000,-7.200000
5640,-416.000000,-6.400000
5641,-408.000000,-8.000000
5642,-440.000000,-7.200000
5643,-440.000000,-6.400000
5644,-464.000000,-16.000000
5645,-472.000000,-7.200000
5646,-472.000000,-5.600000
5647,-456.000000,-5.600000
5648,-432.000000,-6.400000
5649,-408.000000,-8.000000
5650,-400.000000,-5.600000
5651,-416.000000,-5.600000
5652,-432.000000,-4.800000
5653,-448.000000,-3.200000
5654,-440.000000,0.800000
5655,-448.000000,-4.000000
5656,-456.000000,-4.800000
5657,-464.000000,-2.400000
5658,-440.000000,-3.200000
5659,-408.000000,-2.400000
5660,-432.000000,-4.000000
5661,-400.000000,-2.400000
5662,-400.000000,0.000000
5663,-400.000000,-3.200000
5664,-408.000000,-3.200000
5665,-448.000000,-4.000000
5666,-448.000000,-1.600000
5667,-416.000000,-2.400000
5668,-392.000000,0.000000
5669,-376.000000,-2.400000
5670,-368.000000,0.800000
5671,-384.000000,-1.600000
5672,-400.000000,0.000000
5673,-400.000000,-0.800000
5674,-424.000000,1.600000
5675,-448.000000,-1.600000
5676,-448.000000,0.800000
5677,-432.000000,0.800000
5678,-400.000000,2.400000
5679,-376.000000,-1.600000
5680,-368.000000,2.400000
5681,-392.000000,0.800000
5682,-368.000000,0.800000
5683,-376.000000,0.800000
5684,-392.000000,1.600000
5685,-416.000000,2.400000
5686,-408.000000,2.400000
5687,-416.000000,3.200000
5688,-376.000000,2.400000
5689,-320.000000,4.800000
5690,-352.000000,1.600000
5691,-384.000000,3.200000
5692,-384.000000,3.200000
5693,-376.000000,-17.600000
5694,-400.000000,4.000000
5695,-416.000000,5.600000
5696,-416.000000,4.000000
5697,-392.000000,4.000000
5698,-384.000000,11.200000
5699,-376.000000,7.200000
5700,-352.000000,4.000000
5701,-336.000000,5.600000
5702,-368.000000,4.800000
5703,-352.000000,8.000000
5704,-368.000000,5.600000
5705,-384.000000,6.400000
5706,-384.000000,7.200000
5707,-368.000000,7.200000
5708,-344.000000,8.000000
5709,-320.000000,8.000000
5710,-312.000000,7.200000
5711,-328.000000,8.800000
5712,-352.000000,8.800000
5713,-344.000000,7.200000
5714,-352.000000,9.600000
5715,-360.000000,8.000000
5716,-392.000000,9.600000
5717,-376.000000,8.000000
5718,-384.000000,9.600000
5719,-320.000000,8.800000
5720,-336.000000,10.400000
5721,-320.000000,8.800000
5722,-320.000000,8.800000
5723,-312.000000,9.600000
5724,-344.000000,11.200000
5725,-352.000000,8.800000
5726,-352.000000,10.400000
5727,-344.000000,11.200000
5728,-312.000000,12.800000
5729,-280.000000,13.600000
5730,-272.000000,12.000000
5731,-296.000000,11.200000
5732,-336.000000,11.200000
5733,-320.000000,11.200000
5734,-320.000000,12.000000
5735,-336.000000,10.400000
5736,-344.000000,13.600000
5737,-320.000000,13.600000
5738,-320.000000,12.800000
5739,-304.000000,14.400000
5740,-304.000000,12.800000
5741,-264.000000,15.200000
5742,-272.000000,-1.600000
5743,-288.000000,12.800000
5744,-296.000000,15.200000
5745,-336.000000,13.600000
5746,-320.000000,13.600000
5747,-280.000000,12.800000
5748,-280.000000,15.200000
5749,-264.000000,15.200000
5750,-248.000000,16.000000
5751,-248.000000,17.600000
5752,-280.000000,20.799999
5753,-280.000000,17.600000
5754,-288.000000,16.000000
5755,-312.000000,16.799999
5756,-280.000000,16.000000
5757,-280.000000,17.600000
5758,-272.000000,15.200000
5759,-256.000000,17.600000
5760,-248.000000,19.200001
5761,-240.000000,18.400000
5762,-232.000000,16.799999
5763,-240.000000,17.600000
5764,-240.000000,16.799999
5765,-264.000000,16.799999
5766,-248.000000,18.400000
5767,-232.000000,19.200001
5768,-208.000000,19.200001
5769,-216.000000,18.400000
5770,-208.000000,18.400000
5771,-200.000000,18.400000
5772,-216.000000,20.799999
5773,-248.000000,18.400000
5774,-248.000000,18.400000
5775,-256.000000,21.600000
5776,-216.000000,19.200001
5777,-224.000000,19.200001
5778,-232.000000,22.400000
5779,-208.000000,20.799999
5780,-184.000000,20.000000
5781,-200.000000,20.000000
5782,-192.000000,20.799999
5783,-216.000000,24.000000
5784,-216.000000,21.600000
5785,-232.000000,19.200001
5786,-224.000000,21.600000
5787,-224.000000,21.600000
5788,-168.000000,21.600000
5789,-136.000000,20.000000
5790,-152.000000,24.000000
5791,-168.000000,8.000000
5792,-152.000000,23.200001
5793,-168.000000,22.400000
5794,-176.000000,23.200001
5795,-216.000000,20.000000
5796,-208.000000,18.400000
5797,-200.000000,24.000000
5798,-184.000000,22.400000
5799,-144.000000,24.000000
5800,-136.000000,23.200001
5801,-136.000000,20.799999
5802,-136.000000,24.000000
5803,-144.000000,24.000000
5804,-144.000000,24.799999
5805,-168.000000,24.000000
5806,-168.000000,24.799999
5807,-152.000000,24.000000
5808,-120.000000,24.799999
5809,-112.000000,17.600000
5810,-88.000000,25.600000
5811,-96.000000,24.799999
5812,-112.000000,24.000000
5813,-112.000000,23.200001
5814,-120.000000,20.000000
5815,-144.000000,25.600000
5816,-168.000000,24.799999
5817,-136.000000,25.600000
5818,-128.000000,27.200001
5819,-104.000000,26.400000
5820,-88.000000,25.600000
5821,-72.000000,27.200001
5822,-88.000000,25.600000
5823,-104.000000,25.600000
5824,-80.000000,27.200001
5825,-104.000000,25.600000
5826,-120.000000,27.200001
5827,-72.000000,29.600000
5828,-96.000000,27.200001
5829,-24.000000,25.600000
5830,-16.000000,26.400000
5831,-40.000000,27.200001
5832,-72.000000,24.000000
5833,-80.000000,30.400000
5834,-88.000000,27.200001
5835,-104.000000,28.799999
5836,-88.000000,27.200001
5837,-80.000000,28.000000
5838,-80.000000,28.000000
5839,-32.000000,28.799999
5840,-56.000000,31.200001
5841,-48.000000,28.000000
5842,-48.000000,28.799999
5843,-40.000000,28.000000
5844,-56.000000,27.200001
5845,-56.000000,23.200001
5846,-40.000000,28.000000
5847,-16.000000,27.200001
5848,-8.000000,29.600000
5849,0.000000,28.799999
5850,16.000000,31.200001
5851,-8.000000,28.000000
5852,-24.000000,28.000000
5853,-40.000000,28.000000
5854,-24.000000,29.600000
5855,-48.000000,30.400000
5856,-48.000000,29.600000
5857,-24.000000,28.799999
5858,0.000000,29.600000
5859,8.000000,28.000000
5860,24.000000,30.400000
5861,32.000000,28.799999
5862,24.000000,29.600000
5863,24.000000,21.600000
5864,8.000000,29.600000
5865,-16.000000,28.799999
5866,-8.000000,28.799999
5867,-8.000000,29.600000
5868,32.000000,30.400000
5869,40.000000,29.600000
5870,64.000000,28.799999
5871,48.000000,29.600000
5872,32.000000,29.600000
5873,8.000000,29.600000
5874,0.000000,30.400000
5875,0.000000,29.600000
5876,0.000000,31.200001
5877,24.000000,29.600000
5878,32.000000,28.799999
5879,48.000000,30.400000
5880,72.000000,31.200001
5881,72.000000,32.000000
5882,48.000000,30.400000
5883,56.000000,31.200001
5884,56.000000,29.600000
5885,24.000000,30.400000
5886,24.000000,29.600000
5887,88.000000,28.799999
5888,72.000000,31.200001
5889,104.000000,4.800000
5890,120.000000,30.400000
5891,136.000000,30.400000
5892,104.000000,29.600000
5893,88.000000,29.600000
5894,88.000000,36.799999
5895,80.000000,29.600000
5896,56.000000,31.200001
5897,88.000000,28.799999
5898,104.000000,32.000000
5899,104.000000,32.000000
5900,128.000000,31.200001
5901,136.000000,31.200001
5902,136.000000,31.200001
5903,128.000000,31.200001
5904,112.000000,32.000000
5905,96.000000,32.000000
5906,96.000000,29.600000
5907,112.000000,32.799999
5908,144.000000,29.600000
5909,152.000000,29.600000
5910,168.000000,31.200001
5911,136.000000,28.799999
5912,152.000000,29.600000
5913,128.000000,32.000000
5914,120.000000,30.400000
5915,128.000000,29.600000
5916,104.000000,32.799999
5917,104.000000,29.600000
5918,152.000000,30.400000
5919,136.000000,30.400000
5920,144.000000,24.799999
5921,168.000000,29.600000
5922,160.000000,31.200001
5923,176.000000,30.400000
5924,144.000000,31.200001
5925,136.000000,26.400000
5926,136.000000,30.400000
5927,160.000000,29.600000
5928,200.000000,31.200001
5929,184.000000,31.200001
5930,184.000000,21.600000
5931,192.000000,29.600000
5932,168.000000,31.200001
5933,184.000000,30.400000
5934,168.000000,31.200001
5935,160.000000,30.400000
5936,152.000000,28.000000
5937,168.000000,31.200001
5938,184.000000,24.000000
5939,208.000000,31.200001
5940,208.000000,29.600000
5941,224.000000,29.600000
5942,224.000000,28.799999
5943,208.000000,28.000000
5944,192.000000,30.400000
5945,176.000000,27.200001
5946,160.000000,28.799999
5947,192.000000,31.200001
5948,232.000000,28.000000
5949,240.000000,31.200001
5950,240.000000,29.600000
5951,240.000000,30.400000
5952,216.000000,29.600000
5953,216.000000,31.200001
5954,192.000000,28.799999
5955,200.000000,29.600000
5956,200.000000,33.599998
5957,200.000000,30.400000
5958,224.000000,30.400000
5959,240.000000,29.600000
5960,264.000000,29.600000
5961,248.000000,26.400000
5962,240.000000,28.000000
5963,256.000000,28.799999
5964,232.000000,27.200001
5965,208.000000,29.600000
5966,208.000000,27.200001
5967,256.000000,29.600000
5968,296.000000,27.200001
5969,296.000000,15.200000
5970,296.000000,27.200001
5971,272.000000,28.799999
5972,272.000000,28.000000
5973,272.000000,28.000000
5974,224.000000,23.200001
5975,248.000000,27.200001
5976,232.000000,27.200001
5977,248.000000,28.000000
5978,264.000000,28.799999
5979,288.000000,26.400000
5980,280.000000,28.000000
5981,320.000000,28.000000
5982,312.000000,29.600000
5983,312.000000,28.000000
5984,272.000000,27.200001
5985,272.000000,25.600000
5986,256.000000,26.400000
5987,288.000000,27.200001
5988,288.000000,27.200001
5989,320.000000,26.400000
5990,312.000000,26.400000
5991,288.000000,26.400000
5992,288.000000,27.200001
5993,280.000000,24.799999
5994,272.000000,28.000000
5995,256.000000,27.200001
5996,264.000000,24.799999
5997,272.000000,28.000000
5998,304.000000,25.600000
5999,296.000000,26.400000
6000,304.000000,27.200001
6001,304.000000,25.600000
6002,304.000000,25.600000
6003,320.000000,25.600000
6004,296.000000,25.600000
6005,288.000000,28.000000
6006,296.000000,25.600000
6007,320.000000,24.799999
6008,336.000000,24.000000
6009,352.000000,25.600000
6010,384.000000,19.200001
6011,352.000000,26.400000
6012,320.000000,25.600000
6013,312.000000,23.200001
6014,288.000000,24.799999
6015,288.000000,24.000000
6016,280.000000,24.000000
6017,304.000000,25.600000
6018,296.000000,17.600000
6019,328.000000,23.200001
6020,312.000000,24.000000
6021,344.000000,24.000000
6022,344.000000,23.200001
6023,344.000000,19.200001
6024,328.000000,23.200001
6025,304.000000,21.600000
6026,288.000000,23.200001
6027,312.000000,22.400000
6028,360.000000,20.799999
6029,368.000000,23.200001
6030,368.000000,22.400000
6031,376.000000,21.600000
6032,360.000000,20.799999
6033,328.000000,23.200001
6034,320.000000,24.000000
6035,296.000000,21.600000
6036,304.000000,22.400000
6037,320.000000,22.400000
6038,328.000000,21.600000
6039,336.000000,20.799999
6040,344.000000,23.200001
6041,376.000000,26.400000
6042,344.000000,20.799999
6043,352.000000,20.799999
6044,320.000000,20.799999
6045,312.000000,20.000000
6046,320.000000,20.000000
6047,360.000000,20.799999
6048,352.000000,20.000000
6049,360.000000,9.600000
6050,400.000000,20.000000
6051,360.000000,19.200001
6052,360.000000,19.200001
6053,336.000000,16.799999
6054,328.000000,31.200001
6055,304.000000,18.400000
6056,336.000000,18.400000
6057,344.000000,19.200001
6058,360.000000,18.400000
6059,368.000000,16.799999
6060,368.000000,19.200001
6061,376.000000,18.400000
6062,360.000000,17.600000
6063,344.000000,17.600000
6064,336.000000,17.600000
6065,328.000000,16.799999
6066,336.000000,17.600000
6067,376.000000,17.600000
6068,384.000000,16.799999
6069,400.000000,17.600000
6070,384.000000,18.400000
6071,392.000000,17.600000
6072,368.000000,19.200001
6073,344.000000,17.600000
6074,336.000000,16.799999
6075,328.000000,16.000000
6076,320.000000,17.600000
6077,344.000000,15.200000
6078,360.000000,16.000000
6079,368.000000,16.000000
6080,384.000000,5.600000
6081,368.000000,15.200000
6082,376.000000,14.400000
6083,376.000000,14.400000
6084,352.000000,15.200000
6085,336.000000,14.400000
6086,336.000000,14.400000
6087,360.000000,14.400000
6088,392.000000,15.200000
6089,432.000000,14.400000
6090,416.000000,12.800000
6091,408.000000,13.600000
6092,360.000000,13.600000
6093,344.000000,14.400000
6094,336.000000,12.800000
6095,344.000000,13.600000
6096,336.000000,12.800000
6097,328.000000,13.600000
6098,392.000000,9.600000
6099,400.000000,13.600000
6100,384.000000,15.200000
6101,392.000000,12.000000
6102,384.000000,10.400000
6103,368.000000,11.200000
6104,360.000000,12.800000
6105,352.000000,10.400000
6106,344.000000,12.000000
6107,368.000000,12.000000
6108,392.000000,12.800000
6109,416.000000,12.000000
6110,408.000000,11.200000
6111,392.000000,14.400000
6112,368.000000,10.400000
6113,360.000000,10.400000
6114,344.000000,10.400000
6115,336.000000,9.600000
6116,328.000000,7.200000
6117,352.000000,10.400000
6118,360.000000,8.800000
6119,376.000000,9.600000
6120,400.000000,9.600000
6121,400.000000,16.000000
6122,376.000000,10.400000
6123,376.000000,9.600000
6124,360.000000,8.000000
6125,328.000000,10.400000
6126,336.000000,8.800000
6127,352.000000,8.800000
6128,384.000000,8.800000
6129,408.000000,10.400000
6130,408.000000,8.000000
6131,416.000000,6.400000
6132,368.000000,8.800000
6133,352.000000,6.400000
6134,360.000000,5.600000
6135,336.000000,8.000000
6136,328.000000,5.600000
6137,336.000000,7.200000
6138,352.000000,8.000000
6139,376.000000,7.200000
6140,376.000000,6.400000
6141,384.000000,7.200000
6142,368.000000,-4.800000
6143,344.000000,4.000000
6144,336.000000,6.400000
6145,320.000000,4.800000
6146,336.000000,3.200000
6147,344.000000,4.800000
6148,360.000000,4.800000
6149,376.000000,4.800000
6150,392.000000,4.800000
6151,368.000000,4.000000
6152,352.000000,4.000000
6153,328.000000,4.000000
6154,328.000000,4.800000
6155,312.000000,4.000000
6156,320.000000,1.600000
6157,320.000000,4.000000
6158,328.000000,3.200000
6159,368.000000,3.200000
6160,352.000000,4.800000
6161,352.000000,1.600000
6162,360.000000,2.400000
6163,352.000000,3.200000
6164,328.000000,1.600000
6165,304.000000,1.600000
6166,312.000000,2.400000
6167,336.000000,0.800000
6168,352.000000,2.400000
6169,384.000000,1.600000
6170,352.000000,1.600000
6171,360.000000,2.400000
6172,352.000000,1.600000
6173,328.000000,30.400000
6174,296.000000,0.000000
6175,304.000000,1.600000
6176,304.000000,0.000000
6177,336.000000,-0.800000
6178,344.000000,-4.800000
6179,336.000000,0.800000
6180,336.000000,-2.400000
6181,344.000000,-0.800000
6182,336.000000,0.000000
6183,328.000000,4.000000
6184,296.000000,-0.800000
6185,288.000000,-0.800000
6186,280.000000,0.000000
6187,320.000000,-0.800000
6188,336.000000,-1.600000
6189,352.000000,-3.200000
6190,352.000000,-3.200000
6191,336.000000,-4.800000
6192,320.000000,-2.400000
6193,304.000000,-2.400000
6194,288.000000,-4.000000
6195,280.000000,-2.400000
6196,296.000000,0.000000
6197,272.000000,-3.200000
6198,312.000000,-4.000000
6199,312.000000,-4.800000
6200,312.000000,-4.000000
6201,320.000000,-3.200000
6202,320.000000,-5.600000
6203,304.000000,-4.000000
6204,272.000000,12.000000
6205,264.000000,-4.000000
6206,264.000000,-4.800000
6207,264.000000,-4.800000
6208,328.000000,-5.600000
6209,320.000000,-12.800000
6210,312.000000,-5.600000
6211,296.000000,-5.600000
6212,280.000000,-5.600000
6213,280.000000,-6.400000
6214,264.000000,-10.400000
6215,264.000000,-6.400000
6216,248.000000,-6.400000
6217,248.000000,-5.600000
6218,288.000000,-8.000000
6219,272.000000,-6.400000
6220,280.000000,-8.800000
6221,272.000000,-6.400000
6222,280.000000,-2.400000
6223,272.000000,-7.200000
6224,264.000000,-8.000000
6225,248.000000,-8.000000
6226,216.000000,-8.800000
6227,248.000000,-7.200000
6228,280.000000,-7.200000
6229,296.000000,-8.800000
6230,320.000000,-9.600000
6231,272.000000,-8.800000
6232,272.000000,-10.400000
6233,248.000000,-10.400000
6234,256.000000,-9.600000
6235,232.000000,8.000000
6236,224.000000,-10.400000
6237,232.000000,-8.800000
6238,248.000000,-10.400000
6239,264.000000,-11.200000
6240,248.000000,-8.000000
6241,264.000000,-8.000000
6242,248.000000,-12.000000
6243,232.000000,-11.200000
6244,216.000000,-11.200000
6245,184.000000,-12.800000
6246,200.000000,-12.000000
6247,240.000000,-12.000000
6248,232.000000,-12.800000
6249,256.000000,-13.600000
6250,248.000000,-12.000000
6251,264.000000,-12.800000
6252,224.000000,-12.800000
6253,216.000000,-9.600000
6254,200.000000,-11.200000
6255,160.000000,-14.400000
6256,184.000000,-13.600000
6257,192.000000,-12.800000
6258,192.000000,-14.400000
6259,216.000000,-14.400000
6260,224.000000,-14.400000
6261,224.000000,-12.800000
6262,224.000000,-12.800000
6263,200.000000,-15.200000
6264,208.000000,-16.000000
6265,168.000000,-15.200000
6266,168.000000,-40.799999
6267,184.000000,-14.400000
6268,192.000000,-14.400000
6269,224.000000,-16.799999
6270,240.000000,-16.000000
6271,224.000000,-4.800000
6272,184.000000,-16.799999
6273,176.000000,-16.799999
6274,184.000000,-16.799999
6275,128.000000,-16.000000
6276,144.000000,-19.200001
6277,136.000000,-16.799999
6278,144.000000,-16.000000
6279,160.000000,-17.600000
6280,168.000000,-17.600000
6281,176.000000,-17.600000
6282,160.000000,-17.600000
6283,160.000000,-18.400000
6284,168.000000,-18.400000
6285,144.000000,-16.799999
6286,112.000000,-20.000000
6287,136.000000,-16.799999
6288,128.000000,-19.200001
6289,168.000000,-18.400000
6290,168.000000,-18.400000
6291,160.000000,-20.000000
6292,144.000000,-19.200001
6293,128.000000,-17.600000
6294,120.000000,-18.400000
6295,104.000000,-19.200001
6296,104.000000,-18.400000
6297,112.000000,-40.799999
6298,112.000000,-21.600000
6299,136.000000,-19.200001
6300,128.000000,-19.200001
6301,136.000000,-20.000000
6302,120.000000,-11.200000
6303,120.000000,-19.200001
6304,104.000000,-20.000000
6305,88.000000,-20.799999
6306,80.000000,-19.200001
6307,104.000000,-24.000000
6308,128.000000,-22.400000
6309,168.000000,-20.799999
6310,152.000000,-21.600000
6311,136.000000,-21.600000
6312,96.000000,-20.799999
6313,96.000000,-22.400000
6314,88.000000,-22.400000
6315,56.000000,-18.400000
6316,40.000000,-22.400000
6317,56.000000,-23.200001
6318,40.000000,-23.200001
6319,96.000000,-23.200001
6320,64.000000,-23.200001
6321,72.000000,-23.200001
6322,80.000000,-24.799999
6323,56.000000,-22.400000
6324,72.000000,-24.000000
6325,48.000000,-24.799999
6326,16.000000,-24.799999
6327,24.000000,-22.400000
6328,48.000000,-48.799999
6329,88.000000,-24.799999
6330,72.000000,-22.400000
6331,48.000000,-24.000000
6332,40.000000,-24.799999
6333,24.000000,-16.000000
6334,16.000000,-24.799999
6335,8.000000,-26.400000
6336,-8.000000,-25.600000
6337,-16.000000,-24.000000
6338,32.000000,-26.400000
6339,24.000000,-25.600000
6340,40.000000,-24.799999
6341,40.000000,-25.600000
6342,48.000000,-26.400000
6343,16.000000,-24.799999
6344,0.000000,-25.600000
6345,-8.000000,-26.400000
6346,-40.000000,-24.000000
6347,-8.000000,-27.200001
6348,16.000000,-25.600000
6349,32.000000,-25.600000
6350,24.000000,-25.600000
6351,40.000000,-27.200001
6352,8.000000,-27.200001
6353,-16.000000,-26.400000
6354,-32.000000,-26.400000
6355,-64.000000,-26.400000
6356,-72.000000,-27.200001
6357,-56.000000,-25.600000
6358,-40.000000,-26.400000
6359,-8.000000,-23.200001
6360,0.000000,-28.000000
6361,8.000000,-26.400000
6362,-32.000000,-27.200001
6363,-32.000000,-28.799999
6364,-56.000000,-23.200001
6365,-88.000000,-27.200001
6366,-88.000000,-28.000000
6367,-48.000000,-28.000000
6368,-32.000000,-27.200001
6369,-16.000000,-27.200001
6370,-24.000000,-27.200001
6371,-56.000000,-28.799999
6372,-64.000000,-28.000000
6373,-80.000000,-30.400000
6374,-112.000000,-27.200001
6375,-112.000000,-27.200001
6376,-104.000000,-28.000000
6377,-104.000000,-24.000000
6378,-88.000000,-27.200001
6379,-72.000000,-28.799999
6380,-48.000000,-28.000000
6381,-40.000000,-28.799999
6382,-72.000000,-30.400000
6383,-72.000000,-28.000000
6384,-112.000000,-28.799999
6385,-136.000000,-29.600000
6386,-152.000000,-28.799999
6387,-120.000000,-29.600000
6388,-96.000000,-28.799999
6389,-64.000000,-29.600000
6390,-64.000000,-44.799999
6391,-96.000000,-30.400000
6392,-112.000000,-28.799999
6393,-120.000000,-28.799999
6394,-152.000000,-30.400000
6395,-160.000000,-28.000000
6396,-184.000000,-28.799999
6397,-152.000000,-30.400000
6398,-152.000000,-31.200001
6399,-128.000000,-30.400000
6400,-136.000000,-32.799999
6401,-120.000000,-32.000000
6402,-136.000000,-30.400000
6403,-144.000000,-28.799999
6404,-160.000000,-31.200001
6405,-184.000000,-29.600000
6406,-200.000000,-30.400000
6407,-136.000000,-28.799999
6408,-160.000000,-32.000000
6409,-128.000000,-30.400000
6410,-144.000000,-30.400000
6411,-152.000000,-29.600000
6412,-176.000000,-32.000000
6413,-192.000000,-26.400000
6414,-176.000000,-30.400000
6415,-208.000000,-31.200001
6416,-200.000000,-31.200001
6417,-192.000000,-31.200001
6418,-200.000000,-32.799999
6419,-184.000000,-30.400000
6420,-168.000000,-30.400000
6421,-168.000000,-36.799999
6422,-168.000000,-29.600000
6423,-184.000000,-31.200001
6424,-192.000000,-28.799999
6425,-232.000000,-31.200001
6426,-232.000000,-36.799999
6427,-208.000000,-32.000000
6428,-208.000000,-32.799999
6429,-176.000000,-29.600000
6430,-192.000000,-30.400000
6431,-168.000000,-30.400000
6432,-200.000000,-32.799999
6433,-232.000000,-28.799999
6434,-240.000000,-31.200001
6435,-264.000000,-32.000000
6436,-288.000000,-32.799999
6437,-264.000000,-31.200001
6438,-240.000000,-30.400000
6439,-232.000000,-30.400000
6440,-224.000000,-30.400000
6441,-224.000000,-32.000000
6442,-224.000000,-30.400000
6443,-240.000000,-30.400000
6444,-240.000000,-31.200001
6445,-264.000000,-31.200001
6446,-272.000000,-30.400000
6447,-264.000000,-32.000000
6448,-248.000000,-29.600000
6449,-232.000000,-31.200001
6450,-216.000000,-32.000000
6451,-232.000000,-29.600000
6452,-248.000000,-39.200001
6453,-280.000000,-32.799999
6454,-272.000000,-28.799999
6455,-288.000000,-30.400000
6456,-304.000000,-32.000000
6457,-312.000000,-30.400000
6458,-296.000000,-29.600000
6459,-248.000000,-32.000000
6460,-264.000000,-31.200001
6461,-272.000000,-31.200001
6462,-280.000000,-36.799999
6463,-264.000000,-32.000000
6464,-296.000000,-29.600000
6465,-320.000000,-32.000000
6466,-312.000000,-31.200001
6467,-320.000000,-29.600000
6468,-280.000000,-31.200001
6469,-280.000000,-30.400000
6470,-248.000000,-34.400002
6471,-256.000000,-32.000000
6472,-288.000000,-28.799999
6473,-304.000000,-30.400000
6474,-312.000000,-31.200001
6475,-352.000000,-29.600000
6476,-344.000000,-30.400000
6477,-344.000000,-30.400000
6478,-336.000000,-31.200001
6479,-336.000000,-30.400000
6480,-312.000000,-30.400000
6481,-328.000000,-31.200001
6482,-328.000000,-28.799999
6483,-320.000000,-31.200001
6484,-336.000000,-31.200001
6485,-344.000000,-28.799999
6486,-368.000000,-29.600000
6487,-344.000000,-31.200001
6488,-328.000000,-28.000000
6489,-296.000000,-31.200001
6490,-312.000000,-31.200001
6491,-312.000000,-30.400000
6492,-336.000000,-29.600000
6493,-360.000000,-36.799999
6494,-368.000000,-28.799999
6495,-368.000000,-29.600000
6496,-368.000000,-28.799999
6497,-360.000000,-28.799999
6498,-376.000000,-27.200001
6499,-344.000000,-28.799999
6500,-336.000000,-30.400000
6501,-360.000000,-32.799999
6502,-360.000000,-28.799999
6503,-368.000000,-28.000000
6504,-368.000000,-28.799999
6505,-392.000000,-29.600000
6506,-384.000000,-33.599998
6507,-384.000000,-28.000000
6508,-376.000000,-28.000000
6509,-360.000000,-28.799999
6510,-360.000000,-26.400000
6511,-360.000000,-31.200001
6512,-392.000000,-28.799999
6513,-392.000000,-27.200001
6514,-408.000000,-27.200001
6515,-416.000000,-27.200001
6516,-440.000000,-27.200001
6517,-440.000000,-28.000000
6518,-400.000000,-27.200001
6519,-392.000000,-26.400000
6520,-384.000000,-26.400000
6521,-384.000000,-27.200001
6522,-376.000000,-27.200001
6523,-392.000000,-28.000000
6524,-400.000000,-24.000000
6525,-408.000000,-25.600000
6526,-432.000000,-28.799999
6527,-408.000000,-27.200001
6528,-392.000000,-28.799999
6529,-376.000000,-26.400000
6530,-384.000000,-25.600000
6531,-360.000000,-26.400000
6532,-384.000000,-8.800000
6533,-408.000000,-25.600000
6534,-424.000000,-25.600000
6535,-440.000000,-24.000000
6536,-448.000000,-27.200001
6537,-440.000000,-20.000000
6538,-416.000000,-24.799999
6539,-408.000000,-25.600000
6540,-408.000000,-24.799999
6541,-392.000000,-25.600000
6542,-400.000000,-28.799999
6543,-416.000000,-24.799999
6544,-424.000000,-24.000000
6545,-448.000000,-24.000000
6546,-456.000000,-24.799999
6547,-432.000000,-24.000000
6548,-424.000000,-24.000000
6549,-376.000000,-22.400000
6550,-392.000000,-24.000000
6551,-400.000000,-23.200001
6552,-416.000000,-24.000000
6553,-432.000000,-22.400000
6554,-456.000000,-21.600000
6555,-464.000000,-22.400000
6556,-480.000000,-23.200001
6557,-464.000000,-22.400000
6558,-448.000000,-21.600000
6559,-416.000000,-23.200001
6560,-416.000000,-24.000000
6561,-416.000000,-21.600000
6562,-424.000000,-21.600000
6563,-440.000000,-19.200001
6564,-448.000000,-23.200001
6565,-464.000000,-20.799999
6566,-464.000000,-23.200001
6567,-424.000000,-20.000000
6568,-408.000000,-25.600000
6569,-376.000000,-21.600000
6570,-392.000000,-21.600000
6571,-424.000000,-20.799999
6572,-416.000000,-20.799999
6573,-448.000000,-24.000000
6574,-448.000000,-20.799999
6575,-480.000000,-20.799999
6576,-464.000000,-19.200001
6577,-464.000000,-18.400000
6578,-472.000000,-18.400000
6579,-432.000000,-20.799999
6580,-416.000000,-19.200001
6581,-448.000000,-20.799999
6582,-440.000000,-19.200001
6583,-432.000000,-18.400000
6584,-456.000000,-18.400000
6585,-472.000000,-19.200001
6586,-488.000000,-16.799999
6587,-472.000000,-16.799999
6588,-448.000000,-17.600000
6589,-440.000000,-18.400000
6590,-400.000000,-15.200000
6591,-416.000000,-16.799999
6592,-440.000000,-16.799999
6593,-440.000000,-15.200000
6594,-464.000000,7.200000
6595,-472.000000,-17.600000
6596,-456.000000,-16.000000
6597,-456.000000,-15.200000
6598,-464.000000,-18.400000
6599,-448.000000,-20.000000
6600,-448.000000,-15.200000
6601,-432.000000,-16.799999
6602,-456.000000,-16.000000
6603,-448.000000,-14.400000
6604,-448.000000,-7.200000
6605,-488.000000,-13.600000
6606,-472.000000,-14.400000
6607,-440.000000,-14.400000
6608,-432.000000,-14.400000
6609,-432.000000,-13.600000
6610,-408.000000,-13.600000
6611,-416.000000,-13.600000
6612,-440.000000,-18.400000
6613,-448.000000,-13.600000
6614,-472.000000,-14.400000
6615,-480.000000,-12.800000
6616,-472.000000,-14.400000
6617,-488.000000,-9.600000
6618,-488.000000,-13.600000
6619,-464.000000,-12.000000
6620,-432.000000,-12.000000
6621,-440.000000,-12.000000
6622,-432.000000,-11.200000
6623,-440.000000,-12.000000
6624,-448.000000,-8.800000
6625,-472.000000,19.200001
6626,-480.000000,-12.000000
6627,-464.000000,-8.800000
6628,-448.000000,-9.600000
6629,-424.000000,-11.200000
6630,-432.000000,-13.600000
6631,-408.000000,-8.800000
6632,-440.000000,-10.400000
6633,-472.000000,-9.600000
6634,-456.000000,-8.000000
6635,-480.000000,-5.600000
6636,-456.000000,-8.000000
6637,-448.000000,-8.000000
6638,-440.000000,-8.800000
6639,-432.000000,-8.000000
6640,-424.000000,-6.400000
6641,-424.000000,-7.200000
6642,-440.000000,-7.200000
6643,-424.000000,-4.800000
6644,-424.000000,-7.200000
6645,-464.000000,-6.400000
6646,-472.000000,-6.400000
6647,-448.000000,-6.400000
6648,-408.000000,-4.800000
6649,-392.000000,-5.600000
6650,-408.000000,-6.400000
6651,-400.000000,-6.400000
6652,-424.000000,-4.000000
6653,-424.000000,-3.200000
6654,-456.000000,-4.000000
6655,-480.000000,-4.000000
6656,-448.000000,-5.600000
6657,-448.000000,-4.000000
6658,-448.000000,-4.800000
6659,-416.000000,-3.200000
6660,-408.000000,-4.800000
6661,-392.000000,-9.600000
6662,-392.000000,-3.200000
6663,-416.000000,-2.400000
6664,-408.000000,-2.400000
6665,-432.000000,-1.600000
6666,-440.000000,-9.600000
6667,-432.000000,-1.600000
6668,-392.000000,-1.600000
6669,-384.000000,-0.800000
6670,-384.000000,-1.600000
6671,-368.000000,-0.800000
6672,-424.000000,-2.400000
6673,-432.000000,0.000000
6674,-440.000000,-4.000000
6675,-432.000000,0.800000
6676,-440.000000,0.800000
6677,-424.000000,0.800000
6678,-440.000000,0.000000
6679,-400.000000,-4.000000
6680,-384.000000,0.800000
6681,-392.000000,0.000000
6682,-392.000000,0.800000
6683,-392.000000,3.200000
6684,-400.000000,1.600000
6685,-424.000000,2.400000
6686,-408.000000,2.400000
6687,-408.000000,1.600000
6688,-392.000000,3.200000
6689,-344.000000,4.000000
6690,-368.000000,4.000000
6691,-344.000000,3.200000
6692,-392.000000,6.400000
6693,-408.000000,3.200000
6694,-376.000000,2.400000
6695,-400.000000,4.000000
6696,-408.000000,4.000000
6697,-424.000000,1.600000
6698,-392.000000,4.800000
6699,-360.000000,4.800000
6700,-376.000000,4.800000
6701,-368.000000,5.600000
6702,-352.000000,6.400000
6703,-336.000000,7.200000
6704,-344.000000,6.400000
6705,-376.000000,-19.200001
6706,-400.000000,6.400000
6707,-360.000000,8.000000
6708,-336.000000,7.200000
6709,-320.000000,8.000000
6710,-320.000000,18.400000
6711,-328.000000,8.000000
6712,-360.000000,6.400000
6713,-344.000000,8.800000
6714,-376.000000,8.000000
6715,-376.000000,4.800000
6716,-384.000000,8.000000
6717,-352.000000,8.800000
6718,-352.000000,8.800000
6719,-344.000000,8.800000
6720,-304.000000,9.600000
6721,-336.000000,10.400000
6722,-296.000000,11.200000
6723,-312.000000,6.400000
6724,-344.000000,10.400000
6725,-328.000000,10.400000
6726,-344.000000,11.200000
6727,-320.000000,11.200000
6728,-312.000000,15.200000
6729,-264.000000,12.000000
6730,-264.000000,12.000000
6731,-288.000000,12.000000
6732,-288.000000,12.000000
6733,-312.000000,10.400000
6734,-320.000000,12.000000
6735,-328.000000,12.800000
6736,-328.000000,12.800000
6737,-328.000000,12.000000
6738,-312.000000,12.800000
6739,-288.000000,15.200000
6740,-280.000000,12.800000
6741,-264.000000,8.000000
6742,-264.000000,12.800000
6743,-272.000000,13.600000
6744,-296.000000,14.400000
6745,-304.000000,15.200000
6746,-320.000000,20.000000
6747,-304.000000,15.200000
6748,-272.000000,15.200000
6749,-232.000000,15.200000
6750,-224.000000,16.000000
6751,-232.000000,16.799999
6752,-264.000000,15.200000
6753,-280.000000,16.799999
6754,-264.000000,18.400000
6755,-304.000000,16.799999
6756,-312.000000,16.000000
6757,-296.000000,16.000000
6758,-272.000000,16.000000
6759,-240.000000,15.200000
6760,-232.000000,16.799999
6761,-240.000000,16.799999
6762,-240.000000,17.600000
6763,-240.000000,16.799999
6764,-232.000000,16.000000
6765,-288.000000,16.799999
6766,-272.000000,18.400000
6767,-240.000000,20.000000
6768,-232.000000,17.600000
6769,-200.000000,20.799999
6770,-192.000000,17.600000
6771,-216.000000,18.400000
6772,-200.000000,19.200001
6773,-224.000000,18.400000
6774,-224.000000,19.200001
6775,-240.000000,20.000000
6776,-256.000000,20.799999
6777,-248.000000,24.000000
6778,-208.000000,21.600000
6779,-200.000000,20.799999
6780,-184.000000,20.000000
6781,-160.000000,21.600000
6782,-160.000000,20.000000
6783,-192.000000,20.799999
6784,-184.000000,20.000000
6785,-216.000000,29.600000
6786,-208.000000,20.000000
6787,-176.000000,20.799999
6788,-184.000000,21.600000
6789,-136.000000,20.000000
6790,-144.000000,17.600000
6791,-128.000000,21.600000
6792,-152.000000,23.200001
6793,-168.000000,21.600000
6794,-168.000000,22.400000
6795,-208.000000,22.400000
6796,-176.000000,23.200001
6797,-184.000000,22.400000
6798,-168.000000,24.000000
6799,-152.000000,22.400000
6800,-144.000000,23.200001
6801,-120.000000,23.200001
6802,-136.000000,24.000000
6803,-144.000000,24.799999
6804,-144.000000,24.000000
6805,-168.000000,24.000000
6806,-152.000000,24.799999
6807,-128.000000,22.400000
6808,-112.000000,27.200001
6809,-80.000000,25.600000
6810,-72.000000,24.000000
6811,-88.000000,24.799999
6812,-120.000000,26.400000
6813,-128.000000,26.400000
6814,-144.000000,25.600000
6815,-120.000000,25.600000
6816,-136.000000,48.799999
6817,-144.000000,24.799999
6818,-112.000000,25.600000
6819,-112.000000,27.200001
6820,-88.000000,25.600000
6821,-80.000000,19.200001
6822,-80.000000,24.799999
6823,-72.000000,27.200001
6824,-88.000000,25.600000
6825,-112.000000,27.200001
6826,-112.000000,29.600000
6827,-96.000000,25.600000
6828,-64.000000,28.000000
6829,-16.000000,26.400000
6830,-16.000000,27.200001
6831,-48.000000,28.799999
6832,-64.000000,25.600000
6833,-64.000000,27.200001
6834,-80.000000,28.000000
6835,-96.000000,26.400000
6836,-88.000000,28.000000
6837,-80.000000,28.000000
6838,-80.000000,28.799999
6839,-32.000000,28.000000
6840,-24.000000,28.799999
6841,-40.000000,28.000000
6842,-24.000000,29.600000
6843,-48.000000,28.799999
6844,-32.000000,27.200001
6845,-56.000000,28.799999
6846,-64.000000,28.799999
6847,-40.000000,28.799999
6848,-8.000000,27.200001
6849,0.000000,29.600000
6850,40.000000,28.000000
6851,16.000000,28.000000
6852,8.000000,30.400000
6853,0.000000,28.799999
6854,-16.000000,28.000000
6855,-32.000000,28.000000
6856,-32.000000,28.799999
6857,-16.000000,26.400000
6858,-16.000000,29.600000
6859,16.000000,28.799999
6860,24.000000,29.600000
6861,40.000000,29.600000
6862,24.000000,28.799999
6863,8.000000,28.799999
6864,16.000000,30.400000
6865,0.000000,29.600000
6866,8.000000,28.799999
6867,16.000000,31.200001
6868,40.000000,29.600000
6869,56.000000,29.600000
6870,80.000000,26.400000
6871,88.000000,29.600000
6872,48.000000,29.600000
6873,16.000000,29.600000
6874,8.000000,31.200001
6875,24.000000,38.400002
6876,16.000000,29.600000
6877,32.000000,32.000000
6878,48.000000,29.600000
6879,88.000000,29.600000
6880,88.000000,30.400000
6881,96.000000,30.400000
6882,64.000000,30.400000
6883,64.000000,33.599998
6884,64.000000,29.600000
6885,40.000000,29.600000
6886,32.000000,30.400000
6887,72.000000,28.799999
6888,80.000000,29.600000
6889,96.000000,31.200001
6890,128.000000,31.200001
6891,104.000000,28.799999
6892,80.000000,32.799999
6893,96.000000,29.600000
6894,72.000000,31.200001
6895,56.000000,32.799999
6896,56.000000,32.000000
6897,48.000000,29.600000
6898,104.000000,32.000000
6899,120.000000,30.400000
6900,136.000000,31.200001
6901,144.000000,29.600000
6902,152.000000,31.200001
6903,128.000000,28.799999
6904,112.000000,32.000000
6905,80.000000,31.200001
6906,104.000000,28.799999
6907,112.000000,29.600000
6908,128.000000,30.400000
6909,168.000000,32.000000
6910,160.000000,31.200001
6911,168.000000,29.600000
6912,152.000000,31.200001
6913,136.000000,32.000000
6914,120.000000,4.800000
6915,112.000000,30.400000
6916,112.000000,31.200001
6917,112.000000,32.000000
6918,136.000000,32.000000
6919,168.000000,40.799999
6920,160.000000,31.200001
6921,168.000000,30.400000
6922,160.000000,32.000000
6923,184.000000,31.200001
6924,168.000000,33.599998
6925,128.000000,30.400000
6926,128.000000,30.400000
6927,160.000000,31.200001
6928,168.000000,30.400000
6929,232.000000,29.600000
6930,216.000000,30.400000
6931,184.000000,30.400000
6932,184.000000,32.000000
6933,168.000000,29.600000
6934,176.000000,30.400000
6935,168.000000,29.600000
6936,160.000000,30.400000
6937,168.000000,30.400000
6938,168.000000,30.400000
6939,200.000000,29.600000
6940,224.000000,29.600000
6941,208.000000,30.400000
6942,224.000000,30.400000
6943,216.000000,29.600000
6944,208.000000,30.400000
6945,192.000000,29.600000
6946,176.000000,28.799999
6947,200.000000,28.799999
6948,248.000000,28.000000
6949,272.000000,30.400000
6950,264.000000,30.400000
6951,264.000000,31.200001
6952,224.000000,28.799999
6953,192.000000,29.600000
6954,200.000000,29.600000
6955,184.000000,27.200001
6956,176.000000,28.799999
6957,208.000000,28.799999
6958,216.000000,29.600000
6959,256.000000,30.400000
6960,264.000000,29.600000
6961,272.000000,30.400000
6962,256.000000,28.799999
6963,256.000000,8.000000
6964,240.000000,31.200001
6965,232.000000,28.799999
6966,224.000000,27.200001
6967,256.000000,29.600000
6968,240.000000,24.000000
6969,280.000000,28.799999
6970,312.000000,28.799999
6971,288.000000,28.000000
6972,272.000000,28.000000
6973,272.000000,32.799999
6974,224.000000,28.000000
6975,240.000000,28.799999
6976,232.000000,27.200001
6977,232.000000,27.200001
6978,256.000000,28.000000
6979,288.000000,27.200001
6980,296.000000,27.200001
6981,296.000000,29.600000
6982,272.000000,28.000000
6983,296.000000,26.400000
6984,280.000000,26.400000
6985,256.000000,27.200001
6986,248.000000,26.400000
6987,296.000000,27.200001
6988,304.000000,27.200001
6989,312.000000,26.400000
6990,320.000000,28.000000
6991,328.000000,24.799999
6992,304.000000,25.600000
6993,288.000000,26.400000
6994,288.000000,27.200001
6995,272.000000,25.600000
6996,256.000000,28.799999
6997,280.000000,27.200001
6998,272.000000,25.600000
6999,320.000000,26.400000
7000,320.000000,25.600000
7001,328.000000,24.799999
7002,312.000000,24.799999
7003,304.000000,25.600000
7004,304.000000,23.200001
7005,280.000000,24.799999
7006,272.000000,24.000000
7007,272.000000,25.600000
7008,296.000000,26.400000
7009,328.000000,25.600000
7010,368.000000,25.600000
7011,360.000000,26.400000
7012,320.000000,0.800000
7013,304.000000,24.000000
7014,304.000000,24.000000
7015,280.000000,25.600000
7016,288.000000,22.400000
7017,272.000000,35.200001
7018,296.000000,25.600000
7019,344.000000,22.400000
7020,368.000000,24.000000
7021,344.000000,24.000000
7022,328.000000,22.400000
7023,328.000000,24.799999
7024,304.000000,24.799999
7025,304.000000,23.200001
7026,296.000000,23.200001
7027,312.000000,22.400000
7028,352.000000,24.000000
7029,368.000000,20.799999
7030,376.000000,19.200001
7031,352.000000,20.799999
7032,360.000000,22.400000
7033,360.000000,21.600000
7034,312.000000,20.799999
7035,320.000000,24.799999
7036,304.000000,22.400000
7037,320.000000,20.799999
7038,336.000000,21.600000
7039,360.000000,21.600000
7040,376.000000,20.799999
7041,368.000000,20.799999
7042,368.000000,20.799999
7043,376.000000,37.599998
7044,344.000000,20.000000
7045,344.000000,20.000000
7046,320.000000,20.799999
7047,360.000000,19.200001
7048,360.000000,23.200001
7049,400.000000,22.400000
7050,400.000000,19.200001
7051,368.000000,20.000000
7052,368.000000,20.799999
7053,368.000000,11.200000
7054,336.000000,18.400000
7055,320.000000,20.799999
7056,320.000000,19.200001
7057,328.000000,18.400000
7058,344.000000,18.400000
7059,376.000000,19.200001
7060,384.000000,18.400000
7061,368.000000,12.000000
7062,368.000000,17.600000
7063,376.000000,17.600000
7064,344.000000,17.600000
7065,336.000000,17.600000
7066,328.000000,12.800000
7067,352.000000,17.600000
7068,376.000000,17.600000
7069,400.000000,18.400000
7070,408.000000,19.200001
7071,376.000000,15.200000
7072,360.000000,16.799999
7073,368.000000,17.600000
7074,368.000000,16.000000
7075,328.000000,16.799999
7076,344.000000,17.600000
7077,352.000000,17.600000
7078,360.000000,16.000000
7079,368.000000,16.799999
7080,368.000000,16.799999
7081,384.000000,15.200000
7082,384.000000,14.400000
7083,376.000000,15.200000
7084,352.000000,17.600000
7085,328.000000,16.000000
7086,336.000000,15.200000
7087,376.000000,15.200000
7088,384.000000,15.200000
7089,408.000000,15.200000
7090,424.000000,15.200000
7091,424.000000,15.200000
7092,384.000000,-10.400000
7093,368.000000,14.400000
7094,352.000000,14.400000
7095,344.000000,13.600000
7096,344.000000,12.800000
7097,352.000000,24.000000
7098,368.000000,13.600000
7099,400.000000,12.000000
7100,392.000000,13.600000
7101,376.000000,12.800000
7102,376.000000,8.800000
7103,368.000000,12.800000
7104,368.000000,12.800000
7105,344.000000,12.000000
7106,336.000000,11.200000
7107,352.000000,12.000000
7108,376.000000,12.000000
7109,408.000000,11.200000
7110,400.000000,7.200000
7111,392.000000,11.200000
7112,376.000000,9.600000
7113,352.000000,11.200000
7114,344.000000,11.200000
7115,328.000000,8.800000
7116,352.000000,11.200000
7117,352.000000,11.200000
7118,384.000000,9.600000
7119,384.000000,11.200000
7120,400.000000,8.000000
7121,416.000000,8.000000
7122,368.000000,9.600000
7123,376.000000,19.200001
7124,360.000000,8.000000
7125,328.000000,8.800000
7126,336.000000,8.000000
7127,384.000000,6.400000
7128,376.000000,4.000000
7129,400.000000,8.000000
7130,416.000000,8.000000
7131,392.000000,8.000000
7132,368.000000,9.600000
7133,352.000000,9.600000
7134,336.000000,7.200000
7135,320.000000,8.800000
7136,336.000000,5.600000
7137,336.000000,6.400000
7138,360.000000,5.600000
7139,400.000000,6.400000
7140,384.000000,6.400000
7141,384.000000,2.400000
7142,368.000000,5.600000
7143,360.000000,6.400000
7144,352.000000,5.600000
7145,328.000000,4.800000
7146,320.000000,7.200000
7147,368.000000,5.600000
7148,368.000000,5.600000
7149,400.000000,4.800000
7150,400.000000,5.600000
7151,384.000000,3.200000
7152,368.000000,2.400000
7153,336.000000,4.800000
7154,336.000000,31.200001
7155,312.000000,2.400000
7156,328.000000,3.200000
7157,328.000000,3.200000
7158,336.000000,2.400000
7159,376.000000,1.600000
7160,376.000000,4.000000
7161,368.000000,1.600000
7162,352.000000,2.400000
7163,368.000000,2.400000
7164,328.000000,8.000000
7165,312.000000,1.600000
7166,320.000000,1.600000
7167,336.000000,1.600000
7168,360.000000,1.600000
7169,368.000000,2.400000
7170,392.000000,0.800000
7171,368.000000,1.600000
7172,360.000000,1.600000
7173,328.000000,1.600000
7174,336.000000,0.800000
7175,304.000000,-0.800000
7176,312.000000,-0.800000
7177,312.000000,4.000000
7178,328.000000,0.000000
7179,336.000000,0.000000
7180,336.000000,-1.600000
7181,336.000000,-0.800000
7182,336.000000,1.600000
7183,336.000000,-1.600000
7184,328.000000,0.000000
7185,288.000000,-6.400000
7186,296.000000,-1.600000
7187,320.000000,-1.600000
7188,344.000000,-2.400000
7189,360.000000,-2.400000
7190,368.000000,-6.400000
7191,352.000000,-3.200000
7192,336.000000,-3.200000
7193,320.000000,-1.600000
7194,312.000000,-2.400000
7195,296.000000,2.400000
7196,288.000000,-4.000000
7197,272.000000,-3.200000
7198,296.000000,-3.200000
7199,296.000000,-5.600000
7200,320.000000,-3.200000
7201,304.000000,-4.000000
7202,312.000000,-4.000000
7203,304.000000,-2.400000
7204,288.000000,-4.800000
7205,264.000000,-4.800000
7206,280.000000,-5.600000
7207,288.000000,-4.800000
7208,288.000000,-6.400000
7209,320.000000,-5.600000
7210,344.000000,-5.600000
7211,312.000000,-6.400000
7212,304.000000,-8.800000
7213,280.000000,-6.400000
7214,264.000000,-5.600000
7215,232.000000,-5.600000
7216,232.000000,-16.799999
7217,248.000000,-8.000000
7218,272.000000,-7.200000
7219,280.000000,-5.600000
7220,296.000000,-7.200000
7221,288.000000,-7.200000
7222,280.000000,-8.000000
7223,280.000000,-8.800000
7224,272.000000,-7.200000
7225,240.000000,-8.000000
7226,248.000000,-10.400000
7227,256.000000,-8.800000
7228,280.000000,-7.200000
7229,288.000000,-8.000000
7230,304.000000,-8.000000
7231,288.000000,-8.800000
7232,280.000000,-9.600000
7233,248.000000,-9.600000
7234,256.000000,-6.400000
7235,216.000000,-10.400000
7236,216.000000,-11.200000
7237,232.000000,-10.400000
7238,240.000000,-10.400000
7239,264.000000,-9.600000
7240,272.000000,-11.200000
7241,256.000000,-9.600000
7242,256.000000,-10.400000
7243,240.000000,-11.200000
7244,248.000000,-12.000000
7245,224.000000,-12.000000
7246,224.000000,-12.800000
7247,248.000000,16.000000
7248,248.000000,-14.400000
7249,264.000000,-12.000000
7250,288.000000,-12.800000
7251,272.000000,-13.600000
7252,232.000000,-18.400000
7253,208.000000,-12.000000
7254,200.000000,-13.600000
7255,184.000000,-12.800000
7256,176.000000,-12.000000
7257,192.000000,-12.800000
7258,200.000000,-13.600000
7259,192.000000,-12.000000
7260,224.000000,-12.000000
7261,216.000000,-16.000000
7262,216.000000,-14.400000
7263,208.000000,-14.400000
7264,176.000000,-14.400000
7265,168.000000,-20.000000
7266,168.000000,-15.200000
7267,184.000000,-16.000000
7268,192.000000,-16.000000
7269,240.000000,-16.799999
7270,256.000000,-12.800000
7271,216.000000,-16.000000
7272,184.000000,-17.600000
7273,192.000000,-16.000000
7274,176.000000,-16.799999
7275,144.000000,-16.799999
7276,128.000000,-16.799999
7277,152.000000,-16.799999
7278,176.000000,-37.599998
7279,184.000000,-17.600000
7280,184.000000,-16.000000
7281,168.000000,-18.400000
7282,160.000000,-18.400000
7283,144.000000,-5.600000
7284,144.000000,-17.600000
7285,128.000000,-19.200001
7286,96.000000,-19.200001
7287,152.000000,-18.400000
7288,168.000000,-21.600000
7289,176.000000,-16.799999
7290,200.000000,-18.400000
7291,160.000000,-19.200001
7292,160.000000,-19.200001
7293,120.000000,-17.600000
7294,120.000000,-20.799999
7295,104.000000,-20.000000
7296,104.000000,-20.000000
7297,104.000000,-18.400000
7298,112.000000,-22.400000
7299,104.000000,-18.400000
7300,128.000000,-20.799999
7301,128.000000,-17.600000
7302,120.000000,-21.600000
7303,104.000000,-20.799999
7304,96.000000,-21.600000
7305,80.000000,-21.600000
7306,88.000000,-21.600000
7307,72.000000,-22.400000
7308,96.000000,-20.000000
7309,136.000000,-17.600000
7310,120.000000,-20.799999
7311,144.000000,-22.400000
7312,112.000000,-22.400000
7313,96.000000,-22.400000
7314,80.000000,-23.200001
7315,64.000000,-24.000000
7316,64.000000,-22.400000
7317,64.000000,-22.400000
7318,64.000000,-22.400000
7319,80.000000,-23.200001
7320,96.000000,-24.000000
7321,96.000000,-21.600000
7322,112.000000,-23.200001
7323,96.000000,-23.200001
7324,64.000000,-24.000000
7325,24.000000,-22.400000
7326,16.000000,-25.600000
7327,40.000000,-20.000000
7328,72.000000,-24.799999
7329,112.000000,-22.400000
7330,96.000000,-25.600000
7331,64.000000,-23.200001
7332,80.000000,-20.000000
7333,32.000000,-24.799999
7334,24.000000,-24.000000
7335,-16.000000,-25.600000
7336,-8.000000,-24.799999
7337,-8.000000,-24.799999
7338,24.000000,-24.799999
7339,32.000000,-26.400000
7340,56.000000,-30.400000
7341,8.000000,-24.799999
7342,32.000000,-25.600000
7343,16.000000,-25.600000
7344,-8.000000,-24.799999
7345,-24.000000,-22.400000
7346,-16.000000,-25.600000
7347,-40.000000,-28.000000
7348,-8.000000,-24.799999
7349,32.000000,-24.799999
7350,32.000000,-27.200001
7351,16.000000,-28.000000
7352,0.000000,-27.200001
7353,-40.000000,-49.599998
7354,-56.000000,-27.200001
7355,-40.000000,-26.400000
7356,-48.000000,-26.400000
7357,-32.000000,-27.200001
7358,-56.000000,-32.000000
7359,-16.000000,-27.200001
7360,8.000000,-28.000000
7361,-24.000000,-27.200001
7362,-24.000000,-25.600000
7363,-32.000000,-29.600000
7364,-32.000000,-28.000000
7365,-80.000000,-27.200001
7366,-80.000000,-27.200001
7367,-64.000000,-28.000000
7368,-40.000000,-25.600000
7369,-8.000000,-28.000000
7370,8.000000,-28.799999
7371,-32.000000,-28.799999
7372,-40.000000,-28.799999
7373,-72.000000,-28.799999
7374,-72.000000,-28.799999
7375,-104.000000,-28.799999
7376,-112.000000,-32.000000
7377,-112.000000,-28.000000
7378,-104.000000,-28.000000
7379,-104.000000,-28.000000
7380,-56.000000,-29.600000
7381,-72.000000,-27.200001
7382,-80.000000,-28.799999
7383,-96.000000,-29.600000
7384,-128.000000,-24.799999
7385,-144.000000,-30.400000
7386,-128.000000,-28.799999
7387,-136.000000,-29.600000
7388,-104.000000,-28.799999
7389,-64.000000,-28.799999
7390,-64.000000,-29.600000
7391,-64.000000,-30.400000
7392,-80.000000,-30.400000
7393,-136.000000,-28.799999
7394,-152.000000,-28.799999
7395,-176.000000,-30.400000
7396,-176.000000,-28.000000
7397,-160.000000,-36.799999
7398,-136.000000,-29.600000
7399,-120.000000,-29.600000
7400,-128.000000,-28.000000
7401,-128.000000,-31.200001
7402,-128.000000,-27.200001
7403,-152.000000,-30.400000
7404,-128.000000,-32.799999
7405,-160.000000,-31.200001
7406,-184.000000,-30.400000
7407,-176.000000,-33.599998
7408,-152.000000,-30.400000
7409,-120.000000,-29.600000
7410,-112.000000,-31.200001
7411,-144.000000,-30.400000
7412,-128.000000,-30.400000
7413,-176.000000,-31.200001
7414,-184.000000,-30.400000
7415,-200.000000,-29.600000
7416,-192.000000,-32.000000
7417,-192.000000,-30.400000
7418,-200.000000,-31.200001
7419,-184.000000,-30.400000
7420,-160.000000,-39.200001
7421,-200.000000,-31.200001
7422,-176.000000,-31.200001
7423,-168.000000,-30.400000
7424,-176.000000,-29.600000
7425,-232.000000,-30.400000
7426,-232.000000,-30.400000
7427,-208.000000,-31.200001
7428,-200.000000,-29.600000
7429,-176.000000,-32.799999
7430,-176.000000,-32.000000
7431,-192.000000,-30.400000
7432,-200.000000,-31.200001
7433,-232.000000,-28.000000
7434,-208.000000,-31.200001
7435,-248.000000,-31.200001
7436,-240.000000,-30.400000
7437,-256.000000,-31.200001
7438,-240.000000,-32.000000
7439,-224.000000,-32.000000
7440,-224.000000,-29.600000
7441,-224.000000,-53.599998
7442,-232.000000,-31.200001
7443,-248.000000,-30.400000
7444,-248.000000,-29.600000
7445,-280.000000,-32.000000
7446,-288.000000,-19.200001
7447,-264.000000,-28.799999
7448,-240.000000,-32.000000
7449,-200.000000,-30.400000
7450,-192.000000,-32.000000
7451,-216.000000,-31.200001
7452,-240.000000,-31.200001
7453,-264.000000,-30.400000
7454,-280.000000,-30.400000
7455,-304.000000,-31.200001
7456,-320.000000,-30.400000
7457,-296.000000,-30.400000
7458,-296.000000,-32.000000
7459,-280.000000,-32.000000
7460,-272.000000,-30.400000
7461,-256.000000,-30.400000
7462,-264.000000,-31.200001
7463,-264.000000,-29.600000
7464,-288.000000,-38.400002
7465,-312.000000,-29.600000
7466,-296.000000,-30.400000
7467,-280.000000,-29.600000
7468,-272.000000,-30.400000
7469,-232.000000,-30.400000
7470,-232.000000,-31.200001
7471,-256.000000,-32.000000
7472,-256.000000,-28.799999
7473,-312.000000,-30.400000
7474,-336.000000,-31.200001
7475,-344.000000,-30.400000
7476,-344.000000,-30.400000
7477,-336.000000,-26.400000
7478,-344.000000,-30.400000
7479,-288.000000,-31.200001
7480,-296.000000,-30.400000
7481,-272.000000,-30.400000
7482,-304.000000,-30.400000
7483,-320.000000,-30.400000
7484,-312.000000,-28.799999
7485,-336.000000,-52.799999
7486,-352.000000,-30.400000
7487,-320.000000,-29.600000
7488,-336.000000,-31.200001
7489,-304.000000,-29.600000
7490,-280.000000,-18.400000
7491,-288.000000,-29.600000
7492,-328.000000,-29.600000
7493,-344.000000,-29.600000
7494,-344.000000,-28.000000
7495,-360.000000,-29.600000
7496,-368.000000,-29.600000
7497,-368.000000,-27.200001
7498,-368.000000,-29.600000
7499,-368.000000,-28.799999
7500,-368.000000,-28.000000
7501,-336.000000,-27.200001
7502,-344.000000,-28.799999
7503,-360.000000,-30.400000
7504,-360.000000,-29.600000
7505,-392.000000,-30.400000
7506,-384.000000,-26.400000
7507,-368.000000,-26.400000
7508,-376.000000,-33.599998
7509,-336.000000,-27.200001
7510,-336.000000,-28.000000
7511,-344.000000,-27.200001
7512,-368.000000,-28.000000
7513,-392.000000,-28.000000
7514,-400.000000,-27.200001
7515,-408.000000,-28.000000
7516,-408.000000,-33.599998
7517,-416.000000,-28.000000
7518,-408.000000,-27.200001
7519,-360.000000,-27.200001
7520,-376.000000,-27.200001
7521,-384.000000,-24.000000
7522,-376.000000,-25.600000
7523,-392.000000,-26.400000
7524,-392.000000,-26.400000
7525,-416.000000,-27.200001
7526,-408.000000,-27.200001
7527,-408.000000,-27.200001
7528,-384.000000,-26.400000
7529,-384.000000,-40.799999
7530,-352.000000,-26.400000
7531,-384.000000,-25.600000
7532,-408.000000,-26.400000
7533,-424.000000,-27.200001
7534,-416.000000,-27.200001
7535,-440.000000,-24.799999
7536,-464.000000,-26.400000
7537,-432.000000,-24.799999
7538,-432.000000,-24.799999
7539,-408.000000,-27.200001
7540,-392.000000,-25.600000
7541,-384.000000,-24.000000
7542,-376.000000,-24.799999
7543,-408.000000,-24.799999
7544,-416.000000,-23.200001
7545,-440.000000,-23.200001
7546,-464.000000,-24.799999
7547,-464.000000,-21.600000
7548,-432.000000,-23.200001
7549,-392.000000,-24.799999
7550,-392.000000,-24.799999
7551,-376.000000,-22.400000
7552,-416.000000,-20.000000
7553,-424.000000,-23.200001
7554,-416.000000,-20.799999
7555,-448.000000,-23.200001
7556,-448.000000,-22.400000
7557,-456.000000,-23.200001
7558,-464.000000,-22.400000
7559,-440.000000,-21.600000
7560,-416.000000,-26.400000
7561,-416.000000,-22.400000
7562,-424.000000,-22.400000
7563,-416.000000,-20.799999
7564,-432.000000,-20.799999
7565,-448.000000,-20.000000
7566,-472.000000,-21.600000
7567,-448.000000,-21.600000
7568,-448.000000,-21.600000
7569,-392.000000,-20.799999
7570,-408.000000,-21.600000
7571,-424.000000,-20.799999
7572,-424.000000,-18.400000
7573,-416.000000,-7.200000
7574,-456.000000,-20.799999
7575,-472.000000,-20.000000
7576,-464.000000,-19.200001
7577,-456.000000,-20.000000
7578,-448.000000,-24.000000
7579,-456.000000,-18.400000
7580,-424.000000,-19.200001
7581,-424.000000,-20.000000
7582,-440.000000,-18.400000
7583,-432.000000,-22.400000
7584,-432.000000,-17.600000
7585,-456.000000,-17.600000
7586,-472.000000,-15.200000
7587,-440.000000,-18.400000
7588,-440.000000,-17.600000
7589,-440.000000,-16.799999
7590,-400.000000,-16.799999
7591,-416.000000,-20.799999
7592,-440.000000,-16.000000
7593,-456.000000,-17.600000
7594,-448.000000,-16.799999
7595,-480.000000,-15.200000
7596,-480.000000,-16.000000
7597,-464.000000,-14.400000
7598,-464.000000,-14.400000
7599,-464.000000,-13.600000
7600,-448.000000,-15.200000
7601,-424.000000,-16.799999
7602,-432.000000,-15.200000
7603,-424.000000,-15.200000
7604,-448.000000,-11.200000
7605,-480.000000,-15.200000
7606,-464.000000,-14.400000
7607,-472.000000,-14.400000
7608,-456.000000,-13.600000
7609,-416.000000,-12.800000
7610,-456.000000,-15.200000
7611,-424.000000,-13.600000
7612,-440.000000,-12.800000
7613,-456.000000,-13.600000
7614,-464.000000,-12.800000
7615,-472.000000,-12.000000
7616,-480.000000,-12.800000
7617,-480.000000,-10.400000
7618,-480.000000,-12.000000
7619,-440.000000,-12.800000
7620,-456.000000,-11.200000
7621,-432.000000,-12.000000
7622,-424.000000,-8.800000
7623,-440.000000,-10.400000
7624,-464.000000,-10.400000
7625,-480.000000,-11.200000
7626,-496.000000,-9.600000
7627,-472.000000,-11.200000
7628,-440.000000,-8.000000
7629,-440.000000,-8.800000
7630,-416.000000,8.800000
7631,-424.000000,-8.800000
7632,-432.000000,-10.400000
7633,-456.000000,-8.000000
7634,-456.000000,-9.600000
7635,-488.000000,-8.800000
7636,-488.000000,-6.400000
7637,-464.000000,-8.800000
7638,-448.000000,-8.000000
7639,-432.000000,-7.200000
7640,-432.000000,-4.800000
7641,-424.000000,-8.000000
7642,-448.000000,-4.800000
7643,-424.000000,-10.400000
7644,-432.000000,-5.600000
7645,-456.000000,-4.000000
7646,-456.000000,-5.600000
7647,-432.000000,-7.200000
7648,-416.000000,3.200000
7649,-384.000000,-4.800000
7650,-384.000000,-4.800000
7651,-408.000000,-5.600000
7652,-392.000000,-3.200000
7653,-424.000000,-4.800000
7654,-424.000000,-4.000000
7655,-448.000000,-3.200000
7656,-480.000000,-1.600000
7657,-464.000000,-3.200000
7658,-424.000000,-1.600000
7659,-408.000000,-4.000000
7660,-408.000000,-2.400000
7661,-416.000000,-4.800000
7662,-416.000000,-1.600000
7663,-392.000000,-4.000000
7664,-392.000000,-1.600000
7665,-448.000000,-2.400000
7666,-448.000000,-5.600000
7667,-432.000000,-0.800000
7668,-408.000000,-0.800000
7669,-384.000000,0.000000
7670,-392.000000,-0.800000
7671,-360.000000,-0.800000
7672,-384.000000,-1.600000
7673,-392.000000,0.800000
7674,-424.000000,-4.000000
7675,-432.000000,-0.800000
7676,-432.000000,0.000000
7677,-440.000000,0.800000
7678,-424.000000,0.800000
7679,-416.000000,3.200000
7680,-408.000000,1.600000
7681,-408.000000,0.000000
7682,-400.000000,2.400000
7683,-384.000000,2.400000
7684,-392.000000,4.000000
7685,-424.000000,0.800000
7686,-424.000000,3.200000
7687,-424.000000,4.800000
7688,-376.000000,3.200000
7689,-352.000000,1.600000
7690,-376.000000,4.000000
7691,-376.000000,2.400000
7692,-368.000000,5.600000
7693,-376.000000,2.400000
7694,-376.000000,4.000000
7695,-408.000000,4.800000
7696,-392.000000,5.600000
7697,-408.000000,4.000000
7698,-392.000000,3.200000
7699,-368.000000,4.800000
7700,-368.000000,11.200000
7701,-368.000000,4.800000
7702,-344.000000,4.800000
7703,-344.000000,5.600000
7704,-352.000000,5.600000
7705,-384.000000,4.800000
7706,-384.000000,8.000000
7707,-360.000000,5.600000
7708,-360.000000,7.200000
7709,-320.000000,8.800000
7710,-312.000000,8.800000
7711,-320.000000,8.000000
7712,-328.000000,8.000000
7713,-328.000000,32.799999
7714,-368.000000,9.600000
7715,-368.000000,8.800000
7716,-392.000000,9.600000
7717,-376.000000,8.800000
7718,-344.000000,20.000000
7719,-328.000000,8.800000
7720,-328.000000,10.400000
7721,-320.000000,12.000000
7722,-288.000000,9.600000
7723,-288.000000,8.800000
7724,-320.000000,11.200000
7725,-344.000000,12.000000
7726,-336.000000,10.400000
7727,-344.000000,9.600000
7728,-312.000000,12.000000
7729,-296.000000,12.000000
7730,-288.000000,11.200000
7731,-280.000000,7.200000
7732,-312.000000,12.800000
7733,-296.000000,12.000000
7734,-320.000000,12.000000
7735,-328.000000,14.400000
7736,-328.000000,15.200000
7737,-312.000000,12.000000
7738,-312.000000,13.600000
7739,-304.000000,13.600000
7740,-280.000000,13.600000
7741,-280.000000,12.800000
7742,-280.000000,15.200000
7743,-280.000000,14.400000
7744,-288.000000,14.400000
7745,-304.000000,13.600000
7746,-296.000000,15.200000
7747,-320.000000,14.400000
7748,-256.000000,14.400000
7749,-232.000000,6.400000
7750,-216.000000,16.000000
7751,-232.000000,16.000000
7752,-256.000000,13.600000
7753,-272.000000,15.200000
7754,-264.000000,17.600000
7755,-296.000000,15.200000
7756,-288.000000,16.799999
7757,-280.000000,18.400000
7758,-272.000000,16.799999
7759,-248.000000,17.600000
7760,-216.000000,17.600000
7761,-232.000000,16.799999
7762,-240.000000,20.000000
7763,-240.000000,18.400000
7764,-232.000000,19.200001
7765,-256.000000,17.600000
7766,-280.000000,18.400000
7767,-256.000000,18.400000
7768,-224.000000,18.400000
7769,-208.000000,20.000000
7770,-216.000000,12.800000
7771,-168.000000,18.400000
7772,-200.000000,19.200001
7773,-216.000000,18.400000
7774,-240.000000,19.200001
7775,-248.000000,19.200001
7776,-240.000000,19.200001
7777,-224.000000,21.600000
7778,-240.000000,19.200001
7779,-200.000000,20.000000
7780,-184.000000,20.000000
7781,-192.000000,20.000000
7782,-176.000000,22.400000
7783,-184.000000,18.400000
7784,-192.000000,21.600000
7785,-208.000000,21.600000
7786,-216.000000,20.000000
7787,-184.000000,20.799999
7788,-184.000000,23.200001
7789,-136.000000,21.600000
7790,-120.000000,23.200001
7791,-144.000000,21.600000
7792,-152.000000,22.400000
7793,-176.000000,21.600000
7794,-168.000000,21.600000
7795,-208.000000,24.000000
7796,-184.000000,40.000000
7797,-192.000000,24.000000
7798,-168.000000,23.200001
7799,-152.000000,24.000000
7800,-128.000000,23.200001
7801,-120.000000,23.200001
7802,-128.000000,22.400000
7803,-120.000000,21.600000
7804,-136.000000,23.200001
7805,-152.000000,25.600000
7806,-168.000000,25.600000
7807,-136.000000,24.000000
7808,-144.000000,25.600000
7809,-88.000000,20.799999
7810,-96.000000,24.000000
7811,-120.000000,24.799999
7812,-120.000000,24.799999
7813,-120.000000,25.600000
7814,-144.000000,30.400000
7815,-144.000000,25.600000
7816,-144.000000,24.799999
7817,-128.000000,26.400000
7818,-144.000000,27.200001
7819,-112.000000,24.799999
7820,-88.000000,25.600000
7821,-80.000000,25.600000
7822,-80.000000,28.000000
7823,-96.000000,25.600000
7824,-104.000000,26.400000
7825,-120.000000,27.200001
7826,-96.000000,25.600000
7827,-96.000000,28.799999
7828,-104.000000,26.400000
7829,-56.000000,26.400000
7830,-16.000000,25.600000
7831,-48.000000,28.000000
7832,-56.000000,24.799999
7833,-72.000000,26.400000
7834,-56.000000,28.000000
7835,-80.000000,28.000000
7836,-64.000000,27.200001
7837,-88.000000,28.000000
7838,-72.000000,28.799999
7839,-64.000000,26.400000
7840,-40.000000,28.000000
7841,-32.000000,28.000000
7842,-32.000000,27.200001
7843,-24.000000,28.000000
7844,-40.000000,29.600000
7845,-48.000000,32.799999
7846,-48.000000,28.799999
7847,-40.000000,29.600000
7848,-8.000000,28.799999
7849,16.000000,26.400000
7850,8.000000,29.600000
7851,16.000000,29.600000
7852,-24.000000,28.000000
7853,-8.000000,32.799999
7854,0.000000,27.200001
7855,-40.000000,28.799999
7856,-40.000000,28.000000
7857,-32.000000,29.600000
7858,-16.000000,23.200001
7859,-8.000000,28.799999
7860,16.000000,29.600000
7861,56.000000,29.600000
7862,40.000000,28.799999
7863,32.000000,31.200001
7864,40.000000,29.600000
7865,0.000000,30.400000
7866,0.000000,24.000000
7867,8.000000,30.400000
7868,32.000000,28.799999
7869,80.000000,29.600000
7870,80.000000,30.400000
7871,72.000000,27.200001
7872,64.000000,29.600000
7873,48.000000,29.600000
7874,16.000000,30.400000
7875,24.000000,29.600000
7876,0.000000,31.200001
7877,24.000000,29.600000
7878,40.000000,30.400000
7879,56.000000,28.799999
7880,88.000000,30.400000
7881,80.000000,28.799999
7882,88.000000,31.200001
7883,80.000000,30.400000
7884,56.000000,28.799999
7885,48.000000,30.400000
7886,24.000000,30.400000
7887,48.000000,29.600000
7888,96.000000,30.400000
7889,112.000000,30.400000
7890,88.000000,29.600000
7891,136.000000,32.000000
7892,120.000000,23.200001
7893,96.000000,29.600000
7894,96.000000,31.200001
7895,56.000000,30.400000
7896,56.000000,29.600000
7897,80.000000,30.400000
7898,88.000000,31.200001
7899,112.000000,29.600000
7900,128.000000,31.200001
7901,128.000000,31.200001
7902,128.000000,32.000000
7903,120.000000,31.200001
7904,112.000000,30.400000
7905,96.000000,51.200001
7906,96.000000,30.400000
7907,88.000000,29.600000
7908,120.000000,31.200001
7909,184.000000,29.600000
7910,168.000000,40.799999
7911,184.000000,29.600000
7912,144.000000,29.600000
7913,128.000000,31.200001
7914,120.000000,32.000000
7915,120.000000,29.600000
7916,128.000000,32.000000
7917,120.000000,30.400000
7918,128.000000,34.400002
7919,144.000000,30.400000
7920,152.000000,31.200001
7921,184.000000,30.400000
7922,176.000000,28.799999
7923,168.000000,32.799999
7924,160.000000,30.400000
7925,128.000000,30.400000
7926,136.000000,31.200001
7927,144.000000,30.400000
7928,152.000000,33.599998
7929,224.000000,29.600000
7930,216.000000,30.400000
7931,216.000000,29.600000
7932,216.000000,32.000000
7933,176.000000,29.600000
7934,176.000000,32.000000
7935,160.000000,28.799999
7936,144.000000,32.000000
7937,144.000000,30.400000
7938,192.000000,29.600000
7939,192.000000,29.600000
7940,216.000000,30.400000
7941,208.000000,21.600000
7942,208.000000,30.400000
7943,232.000000,29.600000
7944,240.000000,30.400000
7945,200.000000,29.600000
7946,184.000000,30.400000
7947,200.000000,29.600000
7948,232.000000,29.600000
7949,264.000000,25.600000
7950,296.000000,28.799999
7951,224.000000,29.600000
7952,240.000000,31.200001
7953,208.000000,29.600000
7954,224.000000,29.600000
7955,208.000000,29.600000
7956,208.000000,28.799999
7957,216.000000,29.600000
7958,216.000000,29.600000
7959,240.000000,28.799999
7960,248.000000,28.799999
7961,248.000000,29.600000
7962,248.000000,22.400000
7963,264.000000,28.799999
7964,232.000000,31.200001
7965,232.000000,30.400000
7966,232.000000,28.799999
7967,208.000000,26.400000
7968,256.000000,30.400000
7969,320.000000,24.799999
7970,288.000000,28.000000
7971,288.000000,28.799999
7972,272.000000,28.799999
7973,256.000000,27.200001
7974,248.000000,27.200001
7975,232.000000,36.000000
7976,224.000000,27.200001
7977,240.000000,28.000000
7978,256.000000,26.400000
7979,272.000000,28.000000
7980,304.000000,27.200001
7981,280.000000,26.400000
7982,280.000000,25.600000
7983,296.000000,27.200001
7984,280.000000,28.799999
7985,248.000000,28.799999
7986,240.000000,28.000000
7987,272.000000,28.000000
7988,296.000000,41.599998
7989,304.000000,25.600000
7990,328.000000,26.400000
7991,328.000000,28.799999
7992,320.000000,26.400000
7993,296.000000,40.000000
7994,280.000000,27.200001
7995,256.000000,26.400000
7996,256.000000,26.400000
7997,256.000000,26.400000
7998,280.000000,24.000000
7999,288.000000,25.600000
8000,312.000000,26.400000
8001,312.000000,25.600000
8002,328.000000,26.400000
8003,320.000000,27.200001
8004,304.000000,25.600000
8005,288.000000,24.799999
8006,288.000000,22.400000
8007,280.000000,24.799999
8008,312.000000,24.799999
8009,368.000000,24.000000
8010,344.000000,24.799999
8011,352.000000,20.799999
8012,312.000000,23.200001
8013,320.000000,25.600000
8014,296.000000,23.200001
8015,288.000000,24.799999
8016,296.000000,24.799999
8017,304.000000,23.200001
8018,304.000000,24.000000
8019,296.000000,23.200001
8020,344.000000,24.000000
8021,352.000000,22.400000
8022,360.000000,24.000000
8023,320.000000,24.000000
8024,320.000000,28.799999
8025,296.000000,23.200001
8026,312.000000,22.400000
8027,296.000000,22.400000
8028,320.000000,23.200001
8029,360.000000,20.799999
8030,376.000000,23.200001
8031,384.000000,22.400000
8032,344.000000,26.400000
8033,320.000000,22.400000
8034,320.000000,21.600000
8035,312.000000,22.400000
8036,304.000000,22.400000
8037,312.000000,20.799999
8038,328.000000,20.799999
8039,360.000000,20.799999
8040,384.000000,20.799999
8041,368.000000,20.000000
8042,360.000000,22.400000
8043,352.000000,20.799999
8044,344.000000,21.600000
8045,328.000000,16.799999
8046,320.000000,20.799999
8047,320.000000,21.600000
8048,360.000000,19.200001
8049,384.000000,19.200001
8050,384.000000,18.400000
8051,376.000000,20.000000
8052,352.000000,20.000000
8053,352.000000,20.000000
8054,352.000000,20.000000
8055,336.000000,20.000000
8056,312.000000,20.000000
8057,344.000000,18.400000
8058,344.000000,20.000000
8059,360.000000,18.400000
8060,376.000000,18.400000
8061,384.000000,19.200001
8062,392.000000,16.799999
8063,368.000000,15.200000
8064,352.000000,19.200001
8065,336.000000,18.400000
8066,328.000000,19.200001
8067,344.000000,17.600000
8068,368.000000,17.600000
8069,392.000000,18.400000
8070,400.000000,17.600000
8071,376.000000,17.600000
8072,368.000000,16.799999
8073,368.000000,16.799999
8074,336.000000,16.799999
8075,344.000000,16.000000
8076,328.000000,19.200001
8077,328.000000,16.799999
8078,336.000000,16.000000
8079,368.000000,15.200000
8080,392.000000,16.000000
8081,376.000000,15.200000
8082,376.000000,16.000000
8083,368.000000,15.200000
8084,352.000000,12.800000
8085,344.000000,16.000000
8086,344.000000,15.200000
8087,352.000000,15.200000
8088,368.000000,15.200000
8089,400.000000,15.200000
8090,400.000000,16.000000
8091,392.000000,14.400000
8092,392.000000,14.400000
8093,376.000000,15.200000
8094,352.000000,13.600000
8095,328.000000,12.800000
8096,360.000000,13.600000
8097,360.000000,-2.400000
8098,376.000000,12.000000
8099,376.000000,11.200000
8100,392.000000,13.600000
8101,392.000000,10.400000
8102,408.000000,12.000000
8103,368.000000,11.200000
8104,368.000000,12.000000
8105,344.000000,11.200000
8106,336.000000,12.000000
8107,336.000000,13.600000
8108,392.000000,12.000000
8109,392.000000,12.000000
8110,392.000000,12.000000
8111,384.000000,10.400000
8112,384.000000,11.200000
8113,376.000000,10.400000
8114,360.000000,11.200000
8115,360.000000,13.600000
8116,352.000000,10.400000
8117,352.000000,9.600000
8118,360.000000,8.800000
8119,384.000000,9.600000
8120,408.000000,8.000000
8121,384.000000,9.600000
8122,392.000000,8.800000
8123,376.000000,6.400000
8124,360.000000,8.800000
8125,352.000000,8.800000
8126,344.000000,7.200000
8127,352.000000,7.200000
8128,376.000000,4.800000
8129,384.000000,9.600000
8130,408.000000,8.800000
8131,424.000000,8.000000
8132,400.000000,8.000000
8133,376.000000,6.400000
8134,344.000000,6.400000
8135,336.000000,8.000000
8136,336.000000,8.000000
8137,328.000000,6.400000
8138,344.000000,8.000000
8139,368.000000,6.400000
8140,384.000000,6.400000
8141,376.000000,8.800000
8142,360.000000,6.400000
8143,368.000000,6.400000
8144,360.000000,4.800000
8145,328.000000,7.200000
8146,312.000000,5.600000
8147,320.000000,5.600000
8148,352.000000,4.000000
8149,384.000000,5.600000
8150,408.000000,4.800000
8151,384.000000,5.600000
8152,384.000000,4.000000
8153,368.000000,4.000000
8154,344.000000,4.000000
8155,312.000000,4.800000
8156,328.000000,2.400000
8157,312.000000,2.400000
8158,344.000000,4.800000
8159,360.000000,-0.800000
8160,352.000000,3.200000
8161,368.000000,4.800000
8162,376.000000,3.200000
8163,344.000000,0.800000
8164,336.000000,3.200000
8165,336.000000,3.200000
8166,288.000000,1.600000
8167,328.000000,2.400000
8168,368.000000,1.600000
8169,392.000000,1.600000
8170,384.000000,0.000000
8171,368.000000,3.200000
8172,352.000000,4.000000
8173,328.000000,0.000000
8174,336.000000,0.000000
8175,304.000000,0.800000
8176,304.000000,0.000000
8177,312.000000,0.800000
8178,312.000000,0.800000
8179,336.000000,-2.400000
8180,360.000000,-6.400000
8181,344.000000,-0.800000
8182,344.000000,-0.800000
8183,344.000000,-0.800000
8184,328.000000,-2.400000
8185,304.000000,-4.800000
8186,296.000000,-2.400000
8187,296.000000,-2.400000
8188,336.000000,-0.800000
8189,344.000000,-1.600000
8190,352.000000,-0.800000
8191,344.000000,-4.000000
8192,344.000000,-1.600000
8193,312.000000,-4.800000
8194,288.000000,-4.000000
8195,280.000000,-2.400000
8196,280.000000,-4.000000
8197,288.000000,-2.400000
8198,304.000000,-2.400000
8199,336.000000,-3.200000
8200,344.000000,-4.800000
8201,304.000000,-4.000000
8202,320.000000,-3.200000
8203,312.000000,-5.600000
8204,280.000000,-4.000000
8205,272.000000,-5.600000
8206,264.000000,-12.000000
8207,264.000000,-5.600000
8208,312.000000,-4.800000
8209,312.000000,-5.600000
8210,336.000000,-6.400000
8211,328.000000,-4.000000
8212,280.000000,-4.800000
8213,280.000000,-6.400000
8214,264.000000,-7.200000
8215,248.000000,-5.600000
8216,256.000000,-7.200000
8217,256.000000,-8.000000
8218,264.000000,-6.400000
8219,280.000000,-6.400000
8220,272.000000,-8.800000
8221,304.000000,-7.200000
8222,280.000000,-7.200000
8223,264.000000,-8.800000
8224,280.000000,-7.200000
8225,240.000000,-8.800000
8226,232.000000,-8.800000
8227,248.000000,-8.800000
8228,272.000000,-8.000000
8229,304.000000,-8.800000
8230,312.000000,-10.400000
8231,304.000000,-9.600000
8232,296.000000,3.200000
8233,240.000000,-8.000000
8234,256.000000,-9.600000
8235,232.000000,-8.800000
8236,216.000000,-11.200000
8237,208.000000,-13.600000
8238,216.000000,-10.400000
8239,240.000000,-11.200000
8240,248.000000,-10.400000
8241,256.000000,-9.600000
8242,264.000000,-11.200000
8243,240.000000,-12.800000
8244,216.000000,-10.400000
8245,208.000000,17.600000
8246,216.000000,-12.000000
8247,208.000000,-11.200000
8248,208.000000,-12.000000
8249,232.000000,-12.000000
8250,264.000000,-1.600000
8251,256.000000,-12.000000
8252,224.000000,-13.600000
8253,208.000000,-12.000000
8254,192.000000,-11.200000
8255,200.000000,-16.000000
8256,192.000000,-12.800000
8257,184.000000,-14.400000
8258,200.000000,-16.799999
8259,208.000000,-15.200000
8260,208.000000,-13.600000
8261,224.000000,-13.600000
8262,232.000000,-15.200000
8263,216.000000,-19.200001
8264,216.000000,-14.400000
8265,184.000000,-14.400000
8266,152.000000,-15.200000
8267,152.000000,-13.600000
8268,192.000000,-16.799999
8269,216.000000,-14.400000
8270,224.000000,-16.799999
8271,224.000000,-16.000000
8272,192.000000,-16.799999
8273,192.000000,-16.000000
8274,184.000000,-16.000000
8275,152.000000,-16.799999
8276,152.000000,-16.799999
8277,144.000000,-16.799999
8278,160.000000,-18.400000
8279,192.000000,-16.799999
8280,208.000000,-18.400000
8281,184.000000,-16.799999
8282,184.000000,-18.400000
8283,184.000000,-17.600000
8284,168.000000,-16.799999
8285,144.000000,-17.600000
8286,120.000000,-17.600000
8287,136.000000,-18.400000
8288,152.000000,-19.200001
8289,192.000000,-19.200001
8290,224.000000,-18.400000
8291,184.000000,-19.200001
8292,168.000000,-18.400000
8293,136.000000,-20.000000
8294,120.000000,-16.799999
8295,112.000000,-20.000000
8296,80.000000,-19.200001
8297,80.000000,-21.600000
8298,120.000000,-18.400000
8299,112.000000,-20.000000
8300,120.000000,-20.000000
8301,136.000000,-19.200001
8302,120.000000,-17.600000
8303,128.000000,-21.600000
8304,112.000000,-20.000000
8305,112.000000,-20.000000
8306,88.000000,-21.600000
8307,80.000000,-19.200001
8308,104.000000,-20.799999
8309,112.000000,-21.600000
8310,112.000000,-21.600000
8311,136.000000,-21.600000
8312,104.000000,-22.400000
8313,72.000000,-21.600000
8314,80.000000,-21.600000
8315,64.000000,-12.800000
8316,56.000000,-22.400000
8317,48.000000,-23.200001
8318,48.000000,-21.600000
8319,80.000000,-24.000000
8320,96.000000,-25.600000
8321,96.000000,-22.400000
8322,88.000000,-23.200001
8323,88.000000,-22.400000
8324,72.000000,-23.200001
8325,40.000000,-23.200001
8326,16.000000,-23.200001
8327,32.000000,-24.799999
8328,48.000000,-28.000000
8329,72.000000,-25.600000
8330,112.000000,-24.000000
8331,72.000000,-23.200001
8332,64.000000,-24.000000
8333,56.000000,-21.600000
8334,24.000000,-24.799999
8335,16.000000,-25.600000
8336,8.000000,-26.400000
8337,-16.000000,-24.000000
8338,8.000000,-26.400000
8339,24.000000,-24.799999
8340,24.000000,-24.799999
8341,24.000000,-25.600000
8342,32.000000,-26.400000
8343,8.000000,-24.799999
8344,8.000000,-24.000000
8345,-8.000000,-27.200001
8346,-40.000000,-25.600000
8347,-40.000000,-27.200001
8348,0.000000,-24.799999
8349,40.000000,-28.799999
8350,24.000000,-27.200001
8351,16.000000,-31.200001
8352,0.000000,-26.400000
8353,-16.000000,-27.200001
8354,-16.000000,-26.400000
8355,-56.000000,-26.400000
8356,-48.000000,-24.799999
8357,-48.000000,-28.000000
8358,-64.000000,-27.200001
8359,-48.000000,-26.400000
8360,-16.000000,-26.400000
8361,-16.000000,-27.200001
8362,-32.000000,-28.000000
8363,-16.000000,-28.000000
8364,-24.000000,-24.799999
8365,-64.000000,-27.200001
8366,-72.000000,-28.000000
8367,-56.000000,-28.799999
8368,-64.000000,-28.000000
8369,-16.000000,-28.799999
8370,-8.000000,-28.799999
8371,-24.000000,-28.000000
8372,-56.000000,-51.200001
8373,-80.000000,-29.600000
8374,-64.000000,-28.799999
8375,-88.000000,-28.000000
8376,-104.000000,-32.000000
8377,-104.000000,-35.200001
8378,-88.000000,-28.000000
8379,-64.000000,-29.600000
8380,-72.000000,-30.400000
8381,-72.000000,-28.799999
8382,-64.000000,-31.200001
8383,-64.000000,-29.600000
8384,-72.000000,-28.799999
8385,-104.000000,-28.799999
8386,-104.000000,-30.400000
8387,-128.000000,-29.600000
8388,-120.000000,-29.600000
8389,-80.000000,-29.600000
8390,-64.000000,-29.600000
8391,-64.000000,-30.400000
8392,-96.000000,-29.600000
8393,-120.000000,-28.799999
8394,-112.000000,-28.799999
8395,-168.000000,-37.599998
8396,-168.000000,-28.000000
8397,-144.000000,-29.600000
8398,-160.000000,-30.400000
8399,-136.000000,-29.600000
8400,-120.000000,-28.799999
8401,-120.000000,-29.600000
8402,-136.000000,-30.400000
8403,-152.000000,-29.600000
8404,-152.000000,-31.200001
8405,-160.000000,-30.400000
8406,-184.000000,-30.400000
8407,-176.000000,-30.400000
8408,-160.000000,-29.600000
8409,-112.000000,-31.200001
8410,-136.000000,-30.400000
8411,-112.000000,-30.400000
8412,-128.000000,-31.200001
8413,-168.000000,-30.400000
8414,-184.000000,-30.400000
8415,-208.000000,-28.799999
8416,-208.000000,-40.799999
8417,-216.000000,-30.400000
8418,-208.000000,-31.200001
8419,-192.000000,-30.400000
8420,-176.000000,-32.000000
8421,-184.000000,-35.200001
8422,-160.000000,-30.400000
8423,-160.000000,-33.599998
8424,-200.000000,-32.000000
8425,-200.000000,-30.400000
8426,-224.000000,-25.600000
8427,-240.000000,-32.000000
8428,-216.000000,-31.200001
8429,-184.000000,-30.400000
8430,-176.000000,-32.799999
8431,-168.000000,-31.200001
8432,-192.000000,-29.600000
8433,-200.000000,-31.200001
8434,-208.000000,-30.400000
8435,-248.000000,-30.400000
8436,-248.000000,-28.799999
8437,-240.000000,-32.000000
8438,-264.000000,-30.400000
8439,-256.000000,-33.599998
8440,-208.000000,-30.400000
8441,-208.000000,-33.599998
8442,-200.000000,-31.200001
8443,-232.000000,-30.400000
8444,-240.000000,-31.200001
8445,-248.000000,-30.400000
8446,-272.000000,-30.400000
8447,-272.000000,-23.200001
8448,-248.000000,-31.200001
8449,-240.000000,-31.200001
8450,-176.000000,-30.400000
8451,-216.000000,-31.200001
8452,-232.000000,-36.000000
8453,-256.000000,-30.400000
8454,-256.000000,-31.200001
8455,-280.000000,-31.200001
8456,-320.000000,-30.400000
8457,-312.000000,-33.599998
8458,-272.000000,-32.000000
8459,-280.000000,-30.400000
8460,-248.000000,-31.200001
8461,-264.000000,-32.000000
8462,-264.000000,-30.400000
8463,-272.000000,-31.200001
8464,-272.000000,-31.200001
8465,-312.000000,-32.000000
8466,-336.000000,-31.200001
8467,-304.000000,-31.200001
8468,-272.000000,-32.000000
8469,-272.000000,-31.200001
8470,-264.000000,-28.000000
8471,-296.000000,-28.799999
8472,-272.000000,-29.600000
8473,-304.000000,-30.400000
8474,-328.000000,-29.600000
8475,-320.000000,-29.600000
8476,-344.000000,-31.200001
8477,-312.000000,-30.400000
8478,-352.000000,-25.600000
8479,-320.000000,-29.600000
8480,-304.000000,-30.400000
8481,-304.000000,-28.799999
8482,-312.000000,-31.200001
8483,-312.000000,-31.200001
8484,-328.000000,-30.400000
8485,-320.000000,-31.200001
8486,-352.000000,-30.400000
8487,-328.000000,-29.600000
8488,-320.000000,-32.000000
8489,-320.000000,-31.200001
8490,-320.000000,-30.400000
8491,-312.000000,-29.600000
8492,-320.000000,-28.799999
8493,-336.000000,-28.000000
8494,-368.000000,-28.799999
8495,-376.000000,-30.400000
8496,-384.000000,-31.200001
8497,-400.000000,-29.600000
8498,-360.000000,-28.799999
8499,-368.000000,-28.799999
8500,-336.000000,-28.000000
8501,-352.000000,-36.000000
8502,-352.000000,-28.799999
8503,-328.000000,-28.000000
8504,-360.000000,-29.600000
8505,-376.000000,-28.799999
8506,-400.000000,-28.000000
8507,-392.000000,-28.799999
8508,-368.000000,-28.799999
8509,-344.000000,-26.400000
8510,-344.000000,-28.799999
8511,-352.000000,-28.000000
8512,-360.000000,-28.000000
8513,-384.000000,-28.000000
8514,-384.000000,-30.400000
8515,-392.000000,-27.200001
8516,-400.000000,-28.000000
8517,-416.000000,-27.200001
8518,-408.000000,-26.400000
8519,-392.000000,-26.400000
8520,-392.000000,-27.200001
8521,-376.000000,-27.200001
8522,-392.000000,-28.799999
8523,-400.000000,-28.000000
8524,-376.000000,-24.799999
8525,-424.000000,-26.400000
8526,-424.000000,-28.000000
8527,-416.000000,-27.200001
8528,-424.000000,-26.400000
8529,-392.000000,-27.200001
8530,-360.000000,-25.600000
8531,-368.000000,-27.200001
8532,-384.000000,-23.200001
8533,-408.000000,-27.200001
8534,-400.000000,-26.400000
8535,-424.000000,-27.200001
8536,-416.000000,-24.799999
8537,-448.000000,-26.400000
8538,-424.000000,-25.600000
8539,-424.000000,-22.400000
8540,-408.000000,-21.600000
8541,-384.000000,-24.799999
8542,-392.000000,-24.799999
8543,-392.000000,-24.000000
8544,-416.000000,-24.799999
8545,-416.000000,-31.200001
8546,-464.000000,-24.000000
8547,-448.000000,-23.200001
8548,-416.000000,-24.000000
8549,-400.000000,-22.400000
8550,-384.000000,-26.400000
8551,-392.000000,-24.799999
8552,-408.000000,-23.200001
8553,-424.000000,-22.400000
8554,-440.000000,-24.000000
8555,-424.000000,-22.400000
8556,-448.000000,-21.600000
8557,-456.000000,-22.400000
8558,-456.000000,-24.799999
8559,-440.000000,-24.000000
8560,-424.000000,-22.400000
8561,-424.000000,-21.600000
8562,-416.000000,-23.200001
8563,-432.000000,-20.799999
8564,-408.000000,-22.400000
8565,-456.000000,-22.400000
8566,-472.000000,-20.000000
8567,-464.000000,-21.600000
8568,-456.000000,-20.799999
8569,-424.000000,-20.799999
8570,-408.000000,-18.400000
8571,-400.000000,-8.800000
8572,-424.000000,-20.799999
8573,-440.000000,-20.000000
8574,-440.000000,-19.200001
8575,-456.000000,-20.799999
8576,-480.000000,-16.799999
8577,-488.000000,-19.200001
8578,-464.000000,-19.200001
8579,-456.000000,-20.000000
8580,-432.000000,-18.400000
8581,-432.000000,-22.400000
8582,-424.000000,-19.200001
8583,-424.000000,-17.600000
8584,-416.000000,-20.000000
8585,-440.000000,-20.799999
8586,-488.000000,-18.400000
8587,-488.000000,-18.400000
8588,-440.000000,-18.400000
8589,-440.000000,-18.400000
8590,-408.000000,-16.799999
8591,-408.000000,-16.000000
8592,-408.000000,-16.799999
8593,-440.000000,-18.400000
8594,-456.000000,-18.400000
8595,-464.000000,-15.200000
8596,-488.000000,-16.000000
8597,-464.000000,-16.799999
8598,-464.000000,-16.000000
8599,-456.000000,-16.799999
8600,-456.000000,-15.200000
8601,-432.000000,-13.600000
8602,-424.000000,-27.200001
8603,-432.000000,-14.400000
8604,-432.000000,-14.400000
8605,-456.000000,-15.200000
8606,-480.000000,-15.200000
8607,-456.000000,-17.600000
8608,-456.000000,-12.000000
8609,-440.000000,-15.200000
8610,-408.000000,-13.600000
8611,-416.000000,-12.800000
8612,-416.000000,-12.000000
8613,-448.000000,-12.800000
8614,-456.000000,-12.800000
8615,-464.000000,-12.000000
8616,-472.000000,-13.600000
8617,-464.000000,-10.400000
8618,-464.000000,-12.000000
8619,-448.000000,-12.800000
8620,-440.000000,-8.800000
8621,-448.000000,-10.400000
8622,-416.000000,-12.800000
8623,-432.000000,-11.200000
8624,-440.000000,-11.200000
8625,-464.000000,-10.400000
8626,-456.000000,-10.400000
8627,-488.000000,-9.600000
8628,-448.000000,-9.600000
8629,-432.000000,-10.400000
8630,-408.000000,-8.800000
8631,-416.000000,-8.800000
8632,-424.000000,-8.000000
8633,-432.000000,-8.800000
8634,-448.000000,-8.800000
8635,-456.000000,-6.400000
8636,-456.000000,-8.000000
8637,-480.000000,-9.600000
8638,-464.000000,-7.200000
8639,-456.000000,-7.200000
8640,-440.000000,-8.800000
8641,-432.000000,-7.200000
8642,-424.000000,-7.200000
8643,-408.000000,-4.000000
8644,-440.000000,-8.000000
8645,-440.000000,-5.600000
8646,-464.000000,-4.800000
8647,-456.000000,-6.400000
8648,-440.000000,-5.600000
8649,-400.000000,-5.600000
8650,-384.000000,-4.800000
8651,-408.000000,1.600000
8652,-408.000000,-4.800000
8653,-416.000000,-3.200000
8654,-448.000000,-4.800000
8655,-448.000000,-4.000000
8656,-456.000000,-4.800000
8657,-464.000000,-3.200000
8658,-440.000000,-5.600000
8659,-424.000000,-2.400000
8660,-416.000000,-3.200000
8661,-408.000000,-4.800000
8662,-392.000000,-3.200000
8663,-408.000000,-0.800000
8664,-416.000000,-3.200000
8665,-416.000000,-2.400000
8666,-448.000000,-1.600000
8667,-456.000000,-2.400000
8668,-424.000000,-1.600000
8669,-400.000000,-4.800000
8670,-408.000000,-1.600000
8671,-392.000000,-1.600000
8672,-392.000000,-0.800000
8673,-408.000000,-0.800000
8674,-400.000000,3.200000
8675,-392.000000,0.000000
8676,-440.000000,0.800000
8677,-432.000000,0.800000
8678,-416.000000,1.600000
8679,-392.000000,3.200000
8680,-392.000000,1.600000
8681,-344.000000,1.600000
8682,-376.000000,0.000000
8683,-384.000000,0.800000
8684,-368.000000,1.600000
8685,-392.000000,3.200000
8686,-408.000000,0.800000
8687,-424.000000,4.800000
8688,-400.000000,3.200000
8689,-376.000000,2.400000
8690,-344.000000,4.800000
8691,-336.000000,4.000000
8692,-376.000000,-2.400000
8693,-360.000000,4.000000
8694,-368.000000,4.800000
8695,-384.000000,3.200000
8696,-408.000000,4.800000
8697,-408.000000,5.600000
8698,-392.000000,5.600000
8699,-384.000000,5.600000
8700,-336.000000,23.200001
8701,-328.000000,4.800000
8702,-368.000000,6.400000
8703,-344.000000,6.400000
8704,-368.000000,4.800000
8705,-384.000000,12.000000
8706,-384.000000,6.400000
8707,-384.000000,5.600000
8708,-368.000000,6.400000
8709,-344.000000,8.000000
8710,-296.000000,3.200000
8711,-304.000000,6.400000
8712,-336.000000,8.000000
8713,-352.000000,8.000000
8714,-336.000000,8.000000
8715,-368.000000,8.000000
8716,-384.000000,8.800000
8717,-376.000000,8.800000
8718,-368.000000,1.600000
8719,-352.000000,8.800000
8720,-320.000000,8.000000
8721,-312.000000,11.200000
8722,-320.000000,9.600000
8723,-304.000000,9.600000
8724,-320.000000,10.400000
8725,-328.000000,12.000000
8726,-344.000000,9.600000
8727,-360.000000,12.800000
8728,-336.000000,10.400000
8729,-288.000000,12.000000
8730,-264.000000,13.600000
8731,-264.000000,12.800000
8732,-296.000000,12.000000
8733,-304.000000,13.600000
8734,-312.000000,11.200000
8735,-336.000000,12.800000
8736,-312.000000,16.000000
8737,-344.000000,12.800000
8738,-312.000000,12.800000
8739,-296.000000,13.600000
8740,-264.000000,15.200000
8741,-264.000000,13.600000
8742,-272.000000,15.200000
8743,-264.000000,14.400000
8744,-264.000000,15.200000
8745,-264.000000,16.000000
8746,-288.000000,14.400000
8747,-312.000000,16.000000
8748,-280.000000,16.799999
8749,-272.000000,0.000000
8750,-224.000000,16.000000
8751,-200.000000,15.200000
8752,-216.000000,15.200000
8753,-248.000000,16.000000
8754,-280.000000,9.600000
8755,-272.000000,16.000000
8756,-272.000000,16.799999
8757,-280.000000,17.600000
8758,-288.000000,16.000000
8759,-256.000000,22.400000
8760,-240.000000,18.400000
8761,-232.000000,17.600000
8762,-224.000000,16.799999
8763,-232.000000,17.600000
8764,-256.000000,16.799999
8765,-248.000000,18.400000
8766,-264.000000,18.400000
8767,-256.000000,21.600000
8768,-248.000000,17.600000
8769,-208.000000,19.200001
8770,-192.000000,19.200001
8771,-176.000000,18.400000
8772,-192.000000,17.600000
8773,-192.000000,20.000000
8774,-200.000000,18.400000
8775,-224.000000,20.000000
8776,-248.000000,20.799999
8777,-232.000000,18.400000
8778,-216.000000,19.200001
8779,-224.000000,20.799999
8780,-184.000000,20.799999
8781,-200.000000,20.799999
8782,-184.000000,21.600000
8783,-184.000000,19.200001
8784,-160.000000,21.600000
8785,-168.000000,20.799999
8786,-200.000000,23.200001
8787,-208.000000,21.600000
8788,-200.000000,22.400000
8789,-168.000000,22.400000
8790,-144.000000,24.000000
8791,-144.000000,21.600000
8792,-144.000000,23.200001
8793,-160.000000,23.200001
8794,-168.000000,23.200001
8795,-184.000000,24.000000
8796,-192.000000,22.400000
8797,-184.000000,23.200001
8798,-192.000000,12.000000
8799,-176.000000,21.600000
8800,-136.000000,24.000000
8801,-160.000000,23.200001
8802,-144.000000,22.400000
8803,-136.000000,24.799999
8804,-152.000000,24.000000
8805,-160.000000,23.200001
8806,-144.000000,23.200001
8807,-144.000000,24.799999
8808,-128.000000,18.400000
8809,-128.000000,25.600000
8810,-88.000000,24.000000
8811,-88.000000,24.799999
8812,-88.000000,25.600000
8813,-120.000000,25.600000
8814,-120.000000,25.600000
8815,-128.000000,24.799999
8816,-152.000000,40.799999
8817,-128.000000,24.000000
8818,-120.000000,24.000000
8819,-112.000000,26.400000
8820,-88.000000,25.600000
8821,-96.000000,21.600000
8822,-64.000000,25.600000
8823,-88.000000,24.000000
8824,-64.000000,25.600000
8825,-104.000000,26.400000
8826,-112.000000,29.600000
8827,-112.000000,26.400000
8828,-72.000000,27.200001
8829,-56.000000,27.200001
8830,-32.000000,28.000000
8831,-32.000000,28.000000
8832,-56.000000,28.000000
8833,-56.000000,27.200001
8834,-80.000000,29.600000
8835,-88.000000,26.400000
8836,-96.000000,27.200001
8837,-80.000000,27.200001
8838,-80.000000,28.000000
8839,-48.000000,25.600000
8840,-24.000000,27.200001
8841,-16.000000,27.200001
8842,-16.000000,29.600000
8843,-16.000000,27.200001
8844,-24.000000,27.200001
8845,-32.000000,28.000000
8846,-48.000000,28.000000
8847,-56.000000,27.200001
8848,-24.000000,28.000000
8849,0.000000,29.600000
8850,24.000000,28.799999
8851,16.000000,29.600000
8852,24.000000,28.000000
8853,-8.000000,29.600000
8854,-8.000000,28.799999
8855,-32.000000,28.799999
8856,-40.000000,28.000000
8857,-40.000000,30.400000
8858,-32.000000,30.400000
8859,0.000000,29.600000
8860,32.000000,28.799999
8861,8.000000,29.600000
8862,24.000000,31.200001
8863,16.000000,28.799999
8864,24.000000,29.600000
8865,8.000000,29.600000
8866,-8.000000,29.600000
8867,16.000000,32.000000
8868,24.000000,30.400000
8869,48.000000,29.600000
8870,80.000000,32.000000
8871,64.000000,31.200001
8872,56.000000,30.400000
8873,40.000000,31.200001
8874,24.000000,30.400000
8875,32.000000,31.200001
8876,8.000000,32.000000
8877,16.000000,31.200001
8878,24.000000,29.600000
8879,64.000000,31.200001
8880,80.000000,28.799999
8881,88.000000,29.600000
8882,96.000000,29.600000
8883,88.000000,43.200001
8884,80.000000,29.600000
8885,64.000000,30.400000
8886,48.000000,31.200001
8887,56.000000,29.600000
8888,80.000000,32.799999
8889,96.000000,32.000000
8890,104.000000,29.600000
8891,120.000000,31.200001
8892,128.000000,30.400000
8893,96.000000,23.200001
8894,96.000000,29.600000
8895,56.000000,30.400000
8896,72.000000,32.000000
8897,72.000000,31.200001
8898,80.000000,31.200001
8899,80.000000,30.400000
8900,120.000000,31.200001
8901,128.000000,44.000000
8902,144.000000,29.600000
8903,120.000000,32.799999
8904,120.000000,29.600000
8905,112.000000,31.200001
8906,104.000000,39.200001
8907,104.000000,29.600000
8908,152.000000,31.200001
8909,184.000000,29.600000
8910,192.000000,31.200001
8911,152.000000,29.600000
8912,160.000000,30.400000
8913,144.000000,29.600000
8914,144.000000,30.400000
8915,136.000000,30.400000
8916,120.000000,30.400000
8917,96.000000,29.600000
8918,128.000000,30.400000
8919,152.000000,31.200001
8920,160.000000,30.400000
8921,176.000000,29.600000
8922,168.000000,31.200001
8923,168.000000,29.600000
8924,184.000000,24.799999
8925,168.000000,30.400000
8926,160.000000,29.600000
8927,120.000000,31.200001
8928,168.000000,32.000000
8929,184.000000,29.600000
8930,224.000000,30.400000
8931,240.000000,30.400000
8932,216.000000,29.600000
8933,176.000000,29.600000
8934,176.000000,32.000000
8935,184.000000,30.400000
8936,160.000000,29.600000
8937,176.000000,30.400000
8938,168.000000,29.600000
8939,192.000000,32.000000
8940,208.000000,31.200001
8941,208.000000,29.600000
8942,232.000000,32.000000
8943,224.000000,30.400000
8944,208.000000,28.799999
8945,200.000000,29.600000
8946,184.000000,30.400000
8947,176.000000,28.799999
8948,208.000000,30.400000
8949,248.000000,31.200001
8950,256.000000,48.000000
8951,280.000000,28.799999
8952,264.000000,31.200001
8953,216.000000,29.600000
8954,224.000000,28.000000
8955,200.000000,30.400000
8956,184.000000,28.799999
8957,200.000000,29.600000
8958,224.000000,28.000000
8959,232.000000,29.600000
8960,240.000000,24.000000
8961,264.000000,30.400000
8962,248.000000,30.400000
8963,240.000000,28.000000
8964,248.000000,28.000000
8965,224.000000,30.400000
8966,224.000000,28.799999
8967,208.000000,27.200001
8968,256.000000,4.800000
8969,264.000000,28.799999
8970,264.000000,29.600000
8971,272.000000,28.799999
8972,296.000000,26.400000
8973,248.000000,29.600000
8974,256.000000,28.000000
8975,240.000000,28.799999
8976,216.000000,28.000000
8977,232.000000,28.799999
8978,240.000000,29.600000
8979,264.000000,28.000000
8980,296.000000,27.200001
8981,312.000000,29.600000
8982,288.000000,26.400000
8983,296.000000,28.000000
8984,280.000000,25.600000
8985,264.000000,28.799999
8986,256.000000,24.000000
8987,248.000000,27.200001
8988,280.000000,28.000000
8989,312.000000,26.400000
8990,312.000000,24.799999
8991,296.000000,28.799999
8992,320.000000,28.000000
8993,280.000000,26.400000
8994,304.000000,26.400000
8995,272.000000,27.200001
8996,280.000000,25.600000
8997,264.000000,26.400000
8998,288.000000,27.200001
8999,304.000000,26.400000
9000,304.000000,25.600000
9001,320.000000,26.400000
9002,336.000000,24.000000
9003,312.000000,26.400000
9004,320.000000,22.400000
9005,304.000000,25.600000
9006,272.000000,25.600000
9007,264.000000,24.799999
9008,288.000000,24.000000
9009,320.000000,24.799999
9010,352.000000,25.600000
9011,360.000000,23.200001
9012,344.000000,24.799999
9013,328.000000,25.600000
9014,304.000000,25.600000
9015,312.000000,24.799999
9016,312.000000,25.600000
9017,312.000000,27.200001
9018,288.000000,23.200001
9019,344.000000,25.600000
9020,344.000000,24.000000
9021,360.000000,25.600000
9022,352.000000,24.799999
9023,336.000000,24.799999
9024,336.000000,22.400000
9025,312.000000,23.200001
9026,296.000000,23.200001
9027,312.000000,21.600000
9028,320.000000,23.200001
9029,376.000000,22.400000
9030,392.000000,23.200001
9031,392.000000,24.000000
9032,360.000000,22.400000
9033,336.000000,21.600000
9034,344.000000,20.799999
9035,328.000000,19.200001
9036,296.000000,21.600000
9037,312.000000,24.000000
9038,320.000000,21.600000
9039,336.000000,20.799999
9040,352.000000,18.400000
9041,352.000000,22.400000
9042,368.000000,20.000000
9043,368.000000,20.000000
9044,368.000000,20.799999
9045,344.000000,17.600000
9046,328.000000,19.200001
9047,312.000000,20.799999
9048,368.000000,20.000000
9049,384.000000,20.000000
9050,392.000000,20.799999
9051,392.000000,20.000000
9052,376.000000,20.000000
9053,344.000000,4.000000
9054,360.000000,19.200001
9055,344.000000,19.200001
9056,328.000000,19.200001
9057,336.000000,17.600000
9058,320.000000,31.200001
9059,352.000000,19.200001
9060,368.000000,19.200001
9061,368.000000,16.799999
9062,368.000000,19.200001
9063,368.000000,23.200001
9064,360.000000,18.400000
9065,360.000000,18.400000
9066,336.000000,17.600000
9067,320.000000,17.600000
9068,336.000000,20.000000
9069,392.000000,18.400000
9070,400.000000,17.600000
9071,400.000000,20.000000
9072,392.000000,17.600000
9073,368.000000,17.600000
9074,368.000000,17.600000
9075,344.000000,16.799999
9076,328.000000,15.200000
9077,344.000000,17.600000
9078,376.000000,16.000000
9079,368.000000,15.200000
9080,392.000000,16.799999
9081,400.000000,14.400000
9082,384.000000,15.200000
9083,376.000000,16.799999
9084,360.000000,15.200000
9085,352.000000,15.200000
9086,344.000000,16.000000
9087,352.000000,15.200000
9088,376.000000,13.600000
9089,392.000000,15.200000
9090,400.000000,15.200000
9091,416.000000,15.200000
9092,384.000000,14.400000
9093,376.000000,13.600000
9094,360.000000,16.799999
9095,352.000000,13.600000
9096,312.000000,12.800000
9097,328.000000,13.600000
9098,360.000000,13.600000
9099,376.000000,12.800000
9100,384.000000,12.000000
9101,384.000000,15.200000
9102,384.000000,11.200000
9103,368.000000,12.800000
9104,368.000000,13.600000
9105,344.000000,12.000000
9106,344.000000,10.400000
9107,360.000000,12.000000
9108,384.000000,12.800000
9109,392.000000,10.400000
9110,440.000000,12.000000
9111,424.000000,12.800000
9112,384.000000,4.000000
9113,376.000000,9.600000
9114,360.000000,9.600000
9115,344.000000,10.400000
9116,344.000000,12.000000
9117,344.000000,12.800000
9118,368.000000,10.400000
9119,368.000000,9.600000
9120,392.000000,12.000000
9121,408.000000,9.600000
9122,384.000000,9.600000
9123,384.000000,10.400000
9124,376.000000,8.000000
9125,376.000000,5.600000
9126,344.000000,8.800000
9127,328.000000,8.000000
9128,368.000000,6.400000
9129,384.000000,9.600000
9130,400.000000,5.600000
9131,408.000000,7.200000
9132,392.000000,8.000000
9133,384.000000,8.800000
9134,352.000000,8.000000
9135,344.000000,8.000000
9136,336.000000,8.000000
9137,336.000000,7.200000
9138,336.000000,0.800000
9139,352.000000,7.200000
9140,360.000000,5.600000
9141,360.000000,5.600000
9142,352.000000,4.800000
9143,344.000000,6.400000
9144,368.000000,4.800000
9145,352.000000,4.800000
9146,336.000000,5.600000
9147,328.000000,4.000000
9148,360.000000,4.800000
9149,400.000000,5.600000
9150,408.000000,4.000000
9151,416.000000,5.600000
9152,400.000000,2.400000
9153,376.000000,4.800000
9154,368.000000,4.800000
9155,344.000000,3.200000
9156,328.000000,4.800000
9157,328.000000,4.800000
9158,328.000000,3.200000
9159,352.000000,4.000000
9160,368.000000,2.400000
9161,376.000000,6.400000
9162,368.000000,2.400000
9163,360.000000,3.200000
9164,352.000000,1.600000
9165,344.000000,1.600000
9166,312.000000,0.800000
9167,304.000000,2.400000
9168,336.000000,1.600000
9169,352.000000,-11.200000
9170,400.000000,0.800000
9171,368.000000,0.800000
9172,360.000000,0.800000
9173,344.000000,-0.800000
9174,320.000000,-3.200000
9175,320.000000,0.800000
9176,296.000000,-0.800000
9177,320.000000,0.800000
9178,312.000000,0.000000
9179,336.000000,4.000000
9180,344.000000,-0.800000
9181,352.000000,-0.800000
9182,368.000000,-1.600000
9183,360.000000,-0.800000
9184,336.000000,-2.400000
9185,336.000000,-2.400000
9186,304.000000,-1.600000
9187,296.000000,-1.600000
9188,312.000000,-2.400000
9189,336.000000,-3.200000
9190,368.000000,-2.400000
9191,352.000000,-3.200000
9192,336.000000,-1.600000
9193,320.000000,-1.600000
9194,296.000000,-3.200000
9195,304.000000,-3.200000
9196,272.000000,-1.600000
9197,264.000000,-4.800000
9198,280.000000,-2.400000
9199,312.000000,-4.000000
9200,312.000000,-4.000000
9201,320.000000,-4.000000
9202,304.000000,-2.400000
9203,320.000000,-4.800000
9204,312.000000,-4.800000
9205,288.000000,-3.200000
9206,280.000000,-5.600000
9207,272.000000,-7.200000
9208,288.000000,-6.400000
9209,312.000000,-4.000000
9210,312.000000,-8.000000
9211,304.000000,-4.800000
9212,304.000000,-7.200000
9213,288.000000,-6.400000
9214,264.000000,-4.800000
9215,256.000000,-5.600000
9216,256.000000,-7.200000
9217,240.000000,-5.600000
9218,256.000000,-19.200001
9219,280.000000,-8.000000
9220,304.000000,-5.600000
9221,312.000000,-8.000000
9222,312.000000,-8.000000
9223,272.000000,0.000000
9224,280.000000,-7.200000
9225,256.000000,-9.600000
9226,240.000000,-8.000000
9227,248.000000,-8.800000
9228,272.000000,-12.000000
9229,280.000000,-9.600000
9230,304.000000,-8.000000
9231,312.000000,-9.600000
9232,272.000000,-9.600000
9233,272.000000,-10.400000
9234,256.000000,-9.600000
9235,248.000000,-10.400000
9236,240.000000,-11.200000
9237,200.000000,-11.200000
9238,224.000000,-10.400000
9239,256.000000,-11.200000
9240,272.000000,-12.000000
9241,256.000000,-8.000000
9242,256.000000,-12.000000
9243,256.000000,-12.000000
9244,256.000000,-11.200000
9245,232.000000,-11.200000
9246,216.000000,-12.000000
9247,200.000000,-12.000000
9248,208.000000,-9.600000
9249,256.000000,-16.799999
9250,288.000000,-12.800000
9251,248.000000,-12.000000
9252,248.000000,-12.800000
9253,224.000000,-13.600000
9254,224.000000,-12.000000
9255,200.000000,-12.800000
9256,168.000000,-15.200000
9257,176.000000,-12.800000
9258,192.000000,-12.800000
9259,200.000000,-20.000000
9260,248.000000,-15.200000
9261,216.000000,-14.400000
9262,240.000000,-13.600000
9263,232.000000,-16.000000
9264,184.000000,-13.600000
9265,184.000000,-15.200000
9266,168.000000,-14.400000
9267,144.000000,-4.800000
9268,184.000000,-16.000000
9269,192.000000,-14.400000
9270,216.000000,-16.799999
9271,224.000000,-16.000000
9272,232.000000,-18.400000
9273,192.000000,-16.000000
9274,192.000000,-16.799999
9275,168.000000,-16.799999
9276,152.000000,-16.799999
9277,128.000000,-16.799999
9278,128.000000,-17.600000
9279,160.000000,-16.000000
9280,184.000000,-17.600000
9281,168.000000,-19.200001
9282,168.000000,-16.000000
9283,160.000000,-16.799999
9284,176.000000,-17.600000
9285,120.000000,-23.200001
9286,128.000000,-19.200001
9287,112.000000,-18.400000
9288,128.000000,-19.200001
9289,176.000000,-17.600000
9290,184.000000,-16.000000
9291,184.000000,-17.600000
9292,176.000000,-18.400000
9293,136.000000,-19.200001
9294,128.000000,-19.200001
9295,112.000000,-19.200001
9296,104.000000,-19.200001
9297,96.000000,-18.400000
9298,104.000000,0.800000
9299,104.000000,-20.000000
9300,128.000000,-19.200001
9301,144.000000,-20.000000
9302,160.000000,-20.000000
9303,112.000000,-18.400000
9304,112.000000,-20.799999
9305,112.000000,-20.799999
9306,80.000000,-21.600000
9307,64.000000,-21.600000
9308,88.000000,-24.799999
9309,120.000000,-20.799999
9310,144.000000,-22.400000
9311,168.000000,-21.600000
9312,128.000000,-21.600000
9313,96.000000,-20.000000
9314,80.000000,-23.200001
9315,72.000000,-21.600000
9316,64.000000,-23.200001
9317,64.000000,-23.200001
9318,40.000000,-22.400000
9319,64.000000,-23.200001
9320,72.000000,-22.400000
9321,88.000000,-24.799999
9322,96.000000,-22.400000
9323,80.000000,-23.200001
9324,72.000000,-21.600000
9325,56.000000,-23.200001
9326,24.000000,-24.799999
9327,24.000000,-24.000000
9328,32.000000,-23.200001
9329,48.000000,-23.200001
9330,80.000000,-26.400000
9331,80.000000,-22.400000
9332,56.000000,-24.799999
9333,56.000000,-24.799999
9334,16.000000,-23.200001
9335,24.000000,-25.600000
9336,8.000000,-24.799999
9337,-8.000000,-25.600000
9338,-8.000000,-25.600000
9339,16.000000,-27.200001
9340,24.000000,-24.799999
9341,8.000000,-24.799999
9342,40.000000,-24.000000
9343,24.000000,-24.799999
9344,32.000000,-26.400000
9345,-8.000000,-26.400000
9346,-32.000000,-26.400000
9347,-40.000000,-35.200001
9348,-8.000000,-24.799999
9349,8.000000,-25.600000
9350,24.000000,-25.600000
9351,32.000000,-25.600000
9352,16.000000,-29.600000
9353,-16.000000,-24.799999
9354,-16.000000,-27.200001
9355,-40.000000,-27.200001
9356,-56.000000,-27.200001
9357,-56.000000,-20.799999
9358,-48.000000,-28.000000
9359,-48.000000,-27.200001
9360,-24.000000,-28.000000
9361,-24.000000,-28.000000
9362,-8.000000,-27.200001
9363,-8.000000,-28.000000
9364,-24.000000,-28.000000
9365,-24.000000,-24.000000
9366,-80.000000,-28.799999
9367,-80.000000,-27.200001
9368,-40.000000,-27.200001
9369,-24.000000,-28.000000
9370,-8.000000,-28.000000
9371,-24.000000,-28.000000
9372,-48.000000,-27.200001
9373,-72.000000,-28.000000
9374,-64.000000,-28.799999
9375,-96.000000,-31.200001
9376,-104.000000,-28.799999
9377,-128.000000,-27.200001
9378,-104.000000,-28.799999
9379,-88.000000,-28.799999
9380,-64.000000,-27.200001
9381,-80.000000,-28.799999
9382,-72.000000,-30.400000
9383,-80.000000,-26.400000
9384,-72.000000,-29.600000
9385,-120.000000,-28.799999
9386,-120.000000,-29.600000
9387,-136.000000,-30.400000
9388,-112.000000,-27.200001
9389,-112.000000,-28.000000
9390,-72.000000,-31.200001
9391,-96.000000,-30.400000
9392,-104.000000,-29.600000
9393,-112.000000,-31.200001
9394,-120.000000,-32.000000
9395,-136.000000,-28.000000
9396,-136.000000,-6.400000
9397,-152.000000,-30.400000
9398,-152.000000,-30.400000
9399,-120.000000,-31.200001
9400,-112.000000,-32.000000
9401,-96.000000,-32.000000
9402,-136.000000,-30.400000
9403,-128.000000,-30.400000
9404,-144.000000,-32.000000
9405,-144.000000,-30.400000
9406,-176.000000,-32.000000
9407,-192.000000,-28.799999
9408,-152.000000,-28.799999
9409,-152.000000,-31.200001
9410,-144.000000,-30.400000
9411,-128.000000,-29.600000
9412,-120.000000,-29.600000
9413,-160.000000,-31.200001
9414,-176.000000,-28.799999
9415,-184.000000,-31.200001
9416,-184.000000,-30.400000
9417,-200.000000,-31.200001
9418,-200.000000,-29.600000
9419,-200.000000,-32.799999
9420,-184.000000,-29.600000
9421,-184.000000,-31.200001
9422,-184.000000,-30.400000
9423,-176.000000,-32.000000
9424,-192.000000,-36.000000
9425,-208.000000,-29.600000
9426,-232.000000,-31.200001
9427,-224.000000,-30.400000
9428,-208.000000,-31.200001
9429,-192.000000,-31.200001
9430,-160.000000,-29.600000
9431,-144.000000,-32.000000
9432,-184.000000,-37.599998
9433,-176.000000,-31.200001
9434,-224.000000,-31.200001
9435,-248.000000,-32.799999
9436,-256.000000,-32.000000
9437,-264.000000,-32.000000
9438,-248.000000,-30.400000
9439,-224.000000,-30.400000
9440,-224.000000,-31.200001
9441,-208.000000,-32.799999
9442,-216.000000,-31.200001
9443,-208.000000,-32.799999
9444,-208.000000,-32.000000
9445,-240.000000,-31.200001
9446,-272.000000,-29.600000
9447,-280.000000,-31.200001
9448,-232.000000,-31.200001
9449,-224.000000,-30.400000
9450,-200.000000,-29.600000
9451,-208.000000,-31.200001
9452,-208.000000,-32.000000
9453,-232.000000,-30.400000
9454,-264.000000,-31.200001
9455,-280.000000,-32.000000
9456,-296.000000,-31.200001
9457,-312.000000,-29.600000
9458,-296.000000,-29.600000
9459,-296.000000,-31.200001
9460,-248.000000,-31.200001
9461,-256.000000,-31.200001
9462,-280.000000,-28.799999
9463,-272.000000,-6.400000
9464,-272.000000,-32.000000
9465,-288.000000,-30.400000
9466,-328.000000,-32.000000
9467,-328.000000,-32.000000
9468,-296.000000,-27.200001
9469,-296.000000,-32.000000
9470,-256.000000,-31.200001
9471,-280.000000,-30.400000
9472,-288.000000,-30.400000
9473,-296.000000,-38.400002
9474,-296.000000,-30.400000
9475,-304.000000,-29.600000
9476,-328.000000,-29.600000
9477,-336.000000,-29.600000
9478,-312.000000,-29.600000
9479,-344.000000,-29.600000
9480,-328.000000,-29.600000
9481,-304.000000,-16.799999
9482,-304.000000,-28.799999
9483,-304.000000,-30.400000
9484,-288.000000,-29.600000
9485,-344.000000,-31.200001
9486,-360.000000,-32.000000
9487,-352.000000,-29.600000
9488,-312.000000,-32.799999
9489,-312.000000,-28.799999
9490,-312.000000,-29.600000
9491,-280.000000,-35.200001
9492,-312.000000,-30.400000
9493,-344.000000,-29.600000
9494,-360.000000,-29.600000
9495,-368.000000,-29.600000
9496,-384.000000,-28.799999
9497,-384.000000,-28.000000
9498,-392.000000,-28.000000
9499,-360.000000,-28.799999
9500,-328.000000,-28.799999
9501,-344.000000,-27.200001
9502,-352.000000,-29.600000
9503,-360.000000,-28.799999
9504,-344.000000,-29.600000
9505,-368.000000,-28.799999
9506,-384.000000,-28.799999
9507,-400.000000,-28.000000
9508,-376.000000,-28.799999
9509,-344.000000,-27.200001
9510,-344.000000,-28.799999
9511,-336.000000,-28.000000
9512,-352.000000,-29.600000
9513,-400.000000,-28.000000
9514,-384.000000,-25.600000
9515,-400.000000,-28.000000
9516,-416.000000,-28.799999
9517,-408.000000,-26.400000
9518,-416.000000,-28.000000
9519,-416.000000,-28.799999
9520,-400.000000,-26.400000
9521,-376.000000,-28.000000
9522,-376.000000,-29.600000
9523,-376.000000,-27.200001
9524,-368.000000,-28.000000
9525,-392.000000,-27.200001
9526,-424.000000,-27.200001
9527,-424.000000,-26.400000
9528,-392.000000,-26.400000
9529,-384.000000,-25.600000
9530,-360.000000,-15.200000
9531,-360.000000,-27.200001
9532,-376.000000,-26.400000
9533,-368.000000,-24.799999
9534,-424.000000,-26.400000
9535,-440.000000,-30.400000
9536,-448.000000,-24.799999
9537,-448.000000,-25.600000
9538,-432.000000,-25.600000
9539,-408.000000,-26.400000
9540,-408.000000,-32.799999
9541,-368.000000,-24.000000
9542,-400.000000,-24.799999
9543,-408.000000,-24.000000
9544,-384.000000,-25.600000
9545,-424.000000,-24.799999
9546,-424.000000,-24.799999
9547,-456.000000,-24.000000
9548,-424.000000,-9.600000
9549,-400.000000,-25.600000
9550,-384.000000,-23.200001
9551,-384.000000,-24.000000
9552,-400.000000,-23.200001
9553,-432.000000,-12.800000
9554,-440.000000,-23.200001
9555,-456.000000,-22.400000
9556,-456.000000,-22.400000
9557,-464.000000,-23.200001
9558,-472.000000,-26.400000
9559,-456.000000,-23.200001
9560,-440.000000,-20.799999
9561,-432.000000,-23.200001
9562,-424.000000,-21.600000
9563,-400.000000,-23.200001
9564,-416.000000,-21.600000
9565,-424.000000,-22.400000
9566,-456.000000,-19.200001
9567,-464.000000,-20.799999
9568,-432.000000,-21.600000
9569,-440.000000,-19.200001
9570,-424.000000,-22.400000
9571,-400.000000,-21.600000
9572,-416.000000,-20.799999
9573,-440.000000,-21.600000
9574,-456.000000,-21.600000
9575,-432.000000,-18.400000
9576,-464.000000,-22.400000
9577,-464.000000,-20.000000
9578,-448.000000,-20.000000
9579,-440.000000,-19.200001
9580,-424.000000,-19.200001
9581,-424.000000,-16.799999
9582,-416.000000,-18.400000
9583,-416.000000,-18.400000
9584,-432.000000,-14.400000
9585,-448.000000,-17.600000
9586,-472.000000,-18.400000
9587,-480.000000,-18.400000
9588,-448.000000,-18.400000
9589,-448.000000,-16.799999
9590,-416.000000,-15.200000
9591,-400.000000,-19.200001
9592,-416.000000,-17.600000
9593,-448.000000,-16.799999
9594,-464.000000,-18.400000
9595,-464.000000,-16.000000
9596,-488.000000,-15.200000
9597,-488.000000,10.400000
9598,-480.000000,-17.600000
9599,-464.000000,-16.000000
9600,-448.000000,-14.400000
9601,-424.000000,-15.200000
9602,-440.000000,-13.600000
9603,-440.000000,-14.400000
9604,-432.000000,-14.400000
9605,-464.000000,-15.200000
9606,-464.000000,-13.600000
9607,-480.000000,-16.799999
9608,-448.000000,-14.400000
9609,-424.000000,-14.400000
9610,-408.000000,-13.600000
9611,-392.000000,-14.400000
9612,-416.000000,-13.600000
9613,-432.000000,-12.000000
9614,-448.000000,-12.800000
9615,-448.000000,1.600000
9616,-448.000000,-12.000000
9617,-480.000000,-12.000000
9618,-488.000000,-13.600000
9619,-480.000000,-12.800000
9620,-424.000000,-0.800000
9621,-432.000000,-9.600000
9622,-432.000000,-12.800000
9623,-440.000000,-10.400000
9624,-416.000000,-9.600000
9625,-440.000000,-13.600000
9626,-456.000000,-12.000000
9627,-464.000000,-9.600000
9628,-432.000000,-10.400000
9629,-424.000000,-10.400000
9630,-400.000000,-8.000000
9631,-416.000000,-6.400000
9632,-424.000000,-8.000000
9633,-440.000000,-9.600000
9634,-448.000000,-8.000000
9635,-472.000000,-7.200000
9636,-464.000000,-8.800000
9637,-504.000000,-8.000000
9638,-464.000000,-7.200000
9639,-472.000000,-7.200000
9640,-416.000000,-8.800000
9641,-416.000000,-7.200000
9642,-416.000000,-6.400000
9643,-416.000000,-8.800000
9644,-424.000000,-7.200000
9645,-416.000000,-6.400000
9646,-440.000000,-6.400000
9647,-456.000000,-8.000000
9648,-432.000000,-6.400000
9649,-424.000000,-6.400000
9650,-400.000000,-4.800000
9651,-392.000000,-3.200000
9652,-392.000000,-4.000000
9653,-424.000000,-5.600000
9654,-424.000000,-4.000000
9655,-440.000000,-3.200000
9656,-456.000000,-6.400000
9657,-456.000000,-2.400000
9658,-464.000000,-4.800000
9659,-424.000000,-4.000000
9660,-416.000000,-2.400000
9661,-392.000000,-4.000000
9662,-416.000000,-1.600000
9663,-416.000000,-0.800000
9664,-400.000000,-21.600000
9665,-416.000000,-4.000000
9666,-448.000000,-0.800000
9667,-456.000000,-0.800000
9668,-408.000000,-2.400000
9669,-384.000000,-3.200000
9670,-376.000000,-1.600000
9671,-360.000000,-2.400000
9672,-392.000000,0.000000
9673,-416.000000,0.800000
9674,-392.000000,-0.800000
9675,-384.000000,-0.800000
9676,-424.000000,0.000000
9677,-400.000000,0.800000
9678,-432.000000,0.000000
9679,-416.000000,1.600000
9680,-384.000000,1.600000
9681,-368.000000,2.400000
9682,-360.000000,-0.800000
9683,-368.000000,1.600000
9684,-376.000000,3.200000
9685,-368.000000,3.200000
9686,-400.000000,2.400000
9687,-408.000000,0.000000
9688,-392.000000,3.200000
9689,-376.000000,3.200000
9690,-376.000000,3.200000
9691,-344.000000,4.800000
9692,-352.000000,1.600000
9693,-368.000000,2.400000
9694,-400.000000,2.400000
9695,-400.000000,4.000000
9696,-400.000000,4.000000
9697,-392.000000,4.800000
9698,-392.000000,4.800000
9699,-392.000000,4.800000
9700,-360.000000,4.000000
9701,-352.000000,6.400000
9702,-344.000000,7.200000
9703,-360.000000,5.600000
9704,-360.000000,4.800000
9705,-368.000000,8.800000
9706,-400.000000,7.200000
9707,-400.000000,4.800000
9708,-344.000000,6.400000
9709,-320.000000,7.200000
9710,-336.000000,6.400000
9711,-312.000000,7.200000
9712,-328.000000,8.000000
9713,-336.000000,35.200001
9714,-336.000000,8.800000
9715,-344.000000,7.200000
9716,-360.000000,8.000000
9717,-368.000000,8.000000
9718,-360.000000,7.200000
9719,-352.000000,11.200000
9720,-328.000000,8.000000
9721,-312.000000,9.600000
9722,-336.000000,11.200000
9723,-304.000000,4.800000
9724,-304.000000,9.600000
9725,-320.000000,9.600000
9726,-344.000000,12.800000
9727,-344.000000,11.200000
9728,-336.000000,11.200000
9729,-296.000000,11.200000
9730,-280.000000,12.000000
9731,-288.000000,15.200000
9732,-280.000000,11.200000
9733,-288.000000,11.200000
9734,-288.000000,12.800000
9735,-320.000000,12.800000
9736,-320.000000,5.600000
9737,-336.000000,13.600000
9738,-328.000000,13.600000
9739,-296.000000,12.800000
9740,-280.000000,14.400000
9741,-288.000000,12.800000
9742,-248.000000,14.400000
9743,-272.000000,14.400000
9744,-272.000000,13.600000
9745,-288.000000,15.200000
9746,-288.000000,16.000000
9747,-312.000000,16.000000
9748,-296.000000,14.400000
9749,-256.000000,9.600000
9750,-232.000000,15.200000
9751,-224.000000,14.400000
9752,-248.000000,17.600000
9753,-264.000000,16.000000
9754,-264.000000,18.400000
9755,-264.000000,18.400000
9756,-288.000000,16.000000
9757,-296.000000,17.600000
9758,-288.000000,17.600000
9759,-264.000000,18.400000
9760,-272.000000,16.799999
9761,-240.000000,17.600000
9762,-216.000000,16.799999
9763,-232.000000,17.600000
9764,-200.000000,18.400000
9765,-248.000000,17.600000
9766,-248.000000,17.600000
9767,-264.000000,18.400000
9768,-240.000000,17.600000
9769,-232.000000,18.400000
9770,-184.000000,19.200001
9771,-184.000000,19.200001
9772,-176.000000,17.600000
9773,-208.000000,20.000000
9774,-208.000000,20.000000
9775,-224.000000,20.000000
9776,-240.000000,20.799999
9777,-248.000000,20.000000
9778,-232.000000,19.200001
9779,-216.000000,20.000000
9780,-208.000000,4.000000
9781,-192.000000,20.000000
9782,-168.000000,21.600000
9783,-216.000000,20.799999
9784,-184.000000,20.799999
9785,-192.000000,18.400000
9786,-216.000000,20.000000
9787,-208.000000,20.799999
9788,-184.000000,22.400000
9789,-184.000000,22.400000
9790,-136.000000,23.200001
9791,-128.000000,21.600000
9792,-136.000000,24.000000
9793,-184.000000,21.600000
9794,-176.000000,23.200001
9795,-168.000000,22.400000
9796,-184.000000,21.600000
9797,-184.000000,23.200001
9798,-176.000000,18.400000
9799,-192.000000,23.200001
9800,-136.000000,24.000000
9801,-136.000000,22.400000
9802,-112.000000,23.200001
9803,-128.000000,19.200001
9804,-120.000000,24.799999
9805,-136.000000,24.000000
9806,-168.000000,24.000000
9807,-160.000000,24.799999
9808,-128.000000,22.400000
9809,-120.000000,24.000000
9810,-80.000000,25.600000
9811,-96.000000,24.799999
9812,-80.000000,25.600000
9813,-104.000000,24.799999
9814,-112.000000,25.600000
9815,-112.000000,24.799999
9816,-152.000000,24.000000
9817,-152.000000,26.400000
9818,-120.000000,25.600000
9819,-136.000000,24.000000
9820,-104.000000,26.400000
9821,-88.000000,26.400000
9822,-88.000000,26.400000
9823,-72.000000,27.200001
9824,-80.000000,25.600000
9825,-72.000000,26.400000
9826,-112.000000,26.400000
9827,-120.000000,25.600000
9828,-88.000000,26.400000
9829,-64.000000,27.200001
9830,-32.000000,26.400000
9831,-40.000000,28.799999
9832,-64.000000,27.200001
9833,-56.000000,27.200001
9834,-80.000000,28.799999
9835,-56.000000,27.200001
9836,-80.000000,27.200001
9837,-88.000000,27.200001
9838,-72.000000,28.799999
9839,-72.000000,26.400000
9840,-40.000000,28.000000
9841,-8.000000,27.200001
9842,0.000000,26.400000
9843,-24.000000,28.799999
9844,-32.000000,28.799999
9845,-24.000000,28.000000
9846,-40.000000,28.000000
9847,-40.000000,16.799999
9848,-16.000000,27.200001
9849,8.000000,28.799999
9850,8.000000,30.400000
9851,24.000000,28.799999
9852,8.000000,28.000000
9853,16.000000,29.600000
9854,-16.000000,27.200001
9855,-8.000000,29.600000
9856,-32.000000,28.799999
9857,-56.000000,29.600000
9858,-24.000000,29.600000
9859,0.000000,28.799999
9860,-8.000000,29.600000
9861,32.000000,28.799999
9862,32.000000,27.200001
9863,32.000000,30.400000
9864,24.000000,29.600000
9865,0.000000,59.200001
9866,-8.000000,31.200001
9867,8.000000,30.400000
9868,16.000000,30.400000
9869,56.000000,29.600000
9870,64.000000,31.200001
9871,72.000000,29.600000
9872,72.000000,29.600000
9873,56.000000,29.600000
9874,32.000000,29.600000
9875,16.000000,29.600000
9876,24.000000,28.799999
9877,32.000000,30.400000
9878,32.000000,30.400000
9879,48.000000,31.200001
9880,48.000000,28.799999
9881,56.000000,29.600000
9882,88.000000,32.000000
9883,104.000000,22.400000
9884,72.000000,29.600000
9885,64.000000,30.400000
9886,48.000000,29.600000
9887,40.000000,29.600000
9888,72.000000,27.200001
9889,96.000000,30.400000
9890,112.000000,28.799999
9891,128.000000,30.400000
9892,112.000000,32.000000
9893,120.000000,28.000000
9894,64.000000,31.200001
9895,88.000000,31.200001
9896,64.000000,29.600000
9897,64.000000,32.000000
9898,64.000000,31.200001
9899,88.000000,30.400000
9900,120.000000,30.400000
9901,112.000000,35.200001
9902,112.000000,29.600000
9903,128.000000,32.000000
9904,128.000000,30.400000
9905,104.000000,31.200001
9906,96.000000,32.000000
9907,88.000000,30.400000
9908,120.000000,29.600000
9909,136.000000,30.400000
9910,168.000000,31.200001
9911,176.000000,36.799999
9912,176.000000,28.799999
9913,144.000000,32.000000
9914,128.000000,30.400000
9915,128.000000,30.400000
9916,120.000000,30.400000
9917,136.000000,30.400000
9918,120.000000,30.400000
9919,128.000000,36.799999
9920,176.000000,30.400000
9921,160.000000,32.000000
9922,184.000000,30.400000
9923,192.000000,28.799999
9924,184.000000,42.400002
9925,160.000000,30.400000
9926,136.000000,29.600000
9927,128.000000,29.600000
9928,168.000000,31.200001
9929,184.000000,28.000000
9930,216.000000,30.400000
9931,208.000000,31.200001
9932,216.000000,30.400000
9933,184.000000,29.600000
9934,184.000000,32.000000
9935,176.000000,29.600000
9936,160.000000,29.600000
9937,160.000000,23.200001
9938,168.000000,29.600000
9939,176.000000,31.200001
9940,208.000000,31.200001
9941,200.000000,28.799999
9942,216.000000,27.200001
9943,224.000000,30.400000
9944,208.000000,28.000000
9945,200.000000,30.400000
9946,200.000000,31.200001
9947,184.000000,28.799999
9948,208.000000,28.799999
9949,208.000000,29.600000
9950,272.000000,30.400000
9951,256.000000,28.799999
9952,232.000000,29.600000
9953,248.000000,30.400000
9954,192.000000,29.600000
9955,224.000000,32.799999
9956,208.000000,30.400000
9957,192.000000,28.799999
9958,200.000000,29.600000
9959,240.000000,31.200001
9960,256.000000,22.400000
9961,240.000000,28.799999
9962,248.000000,29.600000
9963,256.000000,29.600000
9964,264.000000,29.600000
9965,248.000000,28.000000
9966,232.000000,28.799999
9967,208.000000,28.799999
9968,224.000000,28.000000
9969,264.000000,28.799999
9970,272.000000,28.799999
9971,296.000000,28.000000
9972,280.000000,28.000000
9973,272.000000,31.200001
9974,264.000000,27.200001
9975,264.000000,28.799999
9976,248.000000,28.799999
9977,240.000000,27.200001
9978,248.000000,26.400000
9979,232.000000,28.799999
9980,288.000000,27.200001
9981,296.000000,26.400000
9982,304.000000,27.200001
9983,288.000000,24.000000
9984,264.000000,27.200001
9985,272.000000,27.200001
9986,256.000000,27.200001
9987,240.000000,27.200001
9988,272.000000,28.000000
9989,288.000000,27.200001
9990,320.000000,27.200001
9991,328.000000,28.000000
9992,328.000000,24.799999
9993,304.000000,24.799999
9994,288.000000,25.600000
9995,288.000000,27.200001
9996,248.000000,21.600000
9997,264.000000,26.400000
9998,272.000000,25.600000
9999,288.000000,26.400000
10000,288.000000,26.400000
